0,6,
1,5,
2,5,
3,2,
4,5,
5,9,
6,1,
7,1,
8,5,
9,9,
10,1,
11,3,
12,1,
13,7,
14,6,
15,9,
16,8,
17,3,
18,6,
19,0,
20,4,
21,4,
22,6,
23,5,
24,3,
25,8,
26,3,
27,3,
28,3,
29,4,
30,9,
31,2,
32,0,
33,8,
34,1,
35,8,
36,8,
37,6,
38,2,
39,5,
40,1,
41,5,
42,8,
43,3,
44,4,
45,6,
46,5,
47,9,
48,2,
49,8,
50,0,
51,6,
52,6,
53,4,
54,3,
55,4,
56,6,
57,6,
58,6,
59,4,
60,9,
61,9,
62,3,
63,8,
64,5,
65,2,
66,9,
67,7,
68,7,
69,7,
70,8,
71,7,
72,5,
73,9,
74,0,
75,2,
76,7,
77,8,
78,0,
79,6,
80,0,
81,0,
82,3,
83,7,
84,6,
85,6,
86,6,
87,6,
88,6,
89,5,
90,6,
91,6,
92,6,
93,8,
94,3,
95,0,
96,6,
97,0,
98,0,
99,3,
100,9,
101,1,
102,2,
103,0,
104,8,
105,3,
106,5,
107,3,
108,9,
109,5,
110,6,
111,3,
112,0,
113,5,
114,5,
115,3,
116,3,
117,6,
118,6,
119,7,
120,9,
121,8,
122,6,
123,2,
124,6,
125,4,
126,1,
127,4,
128,6,
129,6,
130,6,
131,0,
132,3,
133,9,
134,8,
135,9,
136,1,
137,1,
138,6,
139,7,
140,7,
141,5,
142,1,
143,0,
144,1,
145,4,
146,9,
147,0,
148,7,
149,5,
150,9,
151,3,
152,6,
153,0,
154,4,
155,7,
156,6,
157,1,
158,6,
159,6,
160,5,
161,0,
162,4,
163,0,
164,6,
165,6,
166,8,
167,3,
168,0,
169,0,
170,5,
171,3,
172,5,
173,4,
174,7,
175,2,
176,7,
177,0,
178,8,
179,9,
180,6,
181,0,
182,2,
183,8,
184,8,
185,6,
186,2,
187,7,
188,3,
189,6,
190,2,
191,9,
192,3,
193,8,
194,4,
195,6,
196,4,
197,3,
198,9,
199,3,
200,6,
201,4,
202,6,
203,6,
204,2,
205,9,
206,3,
207,9,
208,8,
209,4,
210,0,
211,5,
212,5,
213,1,
214,7,
215,3,
216,6,
217,9,
218,3,
219,0,
220,3,
221,2,
222,6,
223,6,
224,6,
225,8,
226,4,
227,6,
228,6,
229,8,
230,6,
231,4,
232,6,
233,2,
234,6,
235,4,
236,3,
237,8,
238,9,
239,3,
240,6,
241,3,
242,7,
243,8,
244,8,
245,8,
246,1,
247,9,
248,6,
249,4,
250,0,
251,7,
252,9,
253,3,
254,9,
255,7,
256,4,
257,3,
258,1,
259,0,
260,6,
261,7,
262,8,
263,3,
264,0,
265,8,
266,6,
267,6,
268,5,
269,6,
270,9,
271,0,
272,9,
273,8,
274,6,
275,4,
276,9,
277,9,
278,8,
279,0,
280,8,
281,8,
282,2,
283,1,
284,9,
285,4,
286,2,
287,7,
288,0,
289,8,
290,6,
291,7,
292,9,
293,8,
294,9,
295,5,
296,1,
297,5,
298,9,
299,3,
300,7,
301,6,
302,6,
303,6,
304,1,
305,8,
306,9,
307,0,
308,3,
309,3,
310,1,
311,1,
312,9,
313,0,
314,4,
315,3,
316,9,
317,0,
318,0,
319,0,
320,8,
321,7,
322,7,
323,7,
324,1,
325,3,
326,4,
327,8,
328,6,
329,8,
330,0,
331,0,
332,4,
333,4,
334,6,
335,8,
336,7,
337,9,
338,0,
339,6,
340,6,
341,8,
342,6,
343,5,
344,0,
345,6,
346,1,
347,4,
348,2,
349,2,
350,9,
351,3,
352,5,
353,7,
354,0,
355,7,
356,1,
357,4,
358,2,
359,8,
360,0,
361,0,
362,0,
363,0,
364,0,
365,0,
366,0,
367,0,
368,0,
369,0,
370,0,
371,0,
372,0,
373,0,
374,0,
375,0,
376,0,
377,0,
378,0,
379,0,
380,0,
381,0,
382,0,
383,0,
384,0,
385,0,
386,0,
387,0,
388,0,
389,0,
390,0,
391,0,
392,0,
393,0,
394,0,
395,0,
396,0,
397,0,
398,0,
399,0,
400,0,
401,0,
402,0,
403,0,
404,0,
405,0,
406,0,
407,0,
408,0,
409,0,
410,0,
411,0,
412,0,
413,0,
414,0,
415,0,
416,0,
417,0,
418,0,
419,0,
420,0,
421,0,
422,0,
423,0,
424,0,
425,0,
426,0,
427,0,
428,0,
429,0,
430,0,
431,0,
432,3,
433,6,
434,1,
435,7,
436,2,
437,6,
438,0,
439,1,
440,4,
441,7,
442,9,
443,6,
444,2,
445,6,
446,0,
447,5,
448,0,
449,9,
450,6,
451,6,
452,6,
453,4,
454,0,
455,5,
456,1,
457,4,
458,8,
459,9,
460,4,
461,1,
462,2,
463,6,
464,7,
465,8,
466,3,
467,6,
468,8,
469,7,
470,3,
471,9,
472,9,
473,1,
474,9,
475,9,
476,2,
477,5,
478,3,
479,8,
480,0,
481,1,
482,3,
483,6,
484,3,
485,2,
486,6,
487,9,
488,6,
489,6,
490,6,
491,0,
492,2,
493,6,
494,3,
495,9,
496,0,
497,0,
498,9,
499,6,
500,2,
501,7,
502,0,
503,8,
504,5,
505,8,
506,9,
507,8,
508,9,
509,0,
510,0,
511,8,
512,3,
513,8,
514,7,
515,1,
516,6,
517,5,
518,6,
519,6,
520,9,
521,5,
522,6,
523,0,
524,9,
525,6,
526,3,
527,9,
528,6,
529,0,
530,3,
531,2,
532,3,
533,0,
534,3,
535,3,
536,1,
537,0,
538,5,
539,1,
540,3,
541,0,
542,5,
543,1,
544,9,
545,2,
546,3,
547,0,
548,6,
549,2,
550,0,
551,0,
552,8,
553,6,
554,8,
555,6,
556,6,
557,6,
558,1,
559,2,
560,0,
561,8,
562,0,
563,4,
564,4,
565,9,
566,8,
567,0,
568,8,
569,0,
570,9,
571,1,
572,2,
573,9,
574,8,
575,0,
576,0,
577,6,
578,0,
579,6,
580,6,
581,4,
582,5,
583,8,
584,3,
585,1,
586,6,
587,3,
588,4,
589,6,
590,6,
591,6,
592,7,
593,6,
594,6,
595,6,
596,6,
597,9,
598,0,
599,0,
600,9,
601,9,
602,0,
603,0,
604,9,
605,0,
606,2,
607,7,
608,3,
609,7,
610,7,
611,9,
612,6,
613,6,
614,7,
615,7,
616,1,
617,6,
618,5,
619,6,
620,6,
621,8,
622,8,
623,6,
624,5,
625,3,
626,2,
627,0,
628,3,
629,6,
630,9,
631,3,
632,3,
633,6,
634,0,
635,4,
636,9,
637,6,
638,8,
639,6,
640,8,
641,4,
642,9,
643,8,
644,7,
645,7,
646,7,
647,8,
648,6,
649,9,
650,7,
651,9,
652,6,
653,2,
654,1,
655,0,
656,6,
657,5,
658,6,
659,3,
660,6,
661,2,
662,6,
663,6,
664,6,
665,9,
666,6,
667,0,
668,3,
669,4,
670,6,
671,8,
672,2,
673,6,
674,8,
675,2,
676,4,
677,8,
678,1,
679,0,
680,3,
681,4,
682,7,
683,9,
684,5,
685,1,
686,6,
687,5,
688,5,
689,3,
690,6,
691,2,
692,6,
693,7,
694,4,
695,4,
696,4,
697,2,
698,6,
699,3,
700,9,
701,6,
702,9,
703,0,
704,1,
705,2,
706,3,
707,3,
708,8,
709,9,
710,3,
711,6,
712,3,
713,3,
714,6,
715,3,
716,5,
717,4,
718,4,
719,1,
720,5,
721,2,
722,3,
723,3,
724,0,
725,0,
726,4,
727,6,
728,4,
729,6,
730,3,
731,4,
732,6,
733,6,
734,6,
735,6,
736,2,
737,6,
738,9,
739,6,
740,6,
741,6,
742,0,
743,6,
744,2,
745,9,
746,1,
747,0,
748,9,
749,4,
750,5,
751,0,
752,9,
753,4,
754,8,
755,4,
756,6,
757,7,
758,1,
759,5,
760,0,
761,0,
762,0,
763,8,
764,4,
765,0,
766,9,
767,8,
768,0,
769,0,
770,5,
771,6,
772,2,
773,8,
774,9,
775,2,
776,9,
777,3,
778,6,
779,3,
780,9,
781,9,
782,2,
783,0,
784,9,
785,8,
786,0,
787,2,
788,6,
789,0,
790,4,
791,0,
792,0,
793,0,
794,0,
795,0,
796,0,
797,0,
798,0,
799,0,
800,0,
801,0,
802,0,
803,0,
804,0,
805,0,
806,0,
807,0,
808,0,
809,0,
810,0,
811,0,
812,0,
813,0,
814,0,
815,0,
816,0,
817,0,
818,0,
819,0,
820,0,
821,0,
822,0,
823,0,
824,0,
825,0,
826,0,
827,0,
828,0,
829,0,
830,0,
831,0,
832,0,
833,0,
834,0,
835,0,
836,0,
837,0,
838,0,
839,0,
840,0,
841,0,
842,0,
843,0,
844,0,
845,0,
846,0,
847,0,
848,0,
849,0,
850,0,
851,0,
852,0,
853,0,
854,0,
855,0,
856,0,
857,0,
858,0,
859,0,
860,0,
861,0,
862,0,
863,0,
864,5,
865,8,
866,0,
867,0,
868,3,
869,3,
870,6,
871,0,
872,4,
873,1,
874,0,
875,5,
876,9,
877,6,
878,6,
879,8,
880,1,
881,9,
882,4,
883,0,
884,4,
885,6,
886,6,
887,3,
888,4,
889,4,
890,2,
891,2,
892,8,
893,7,
894,7,
895,0,
896,4,
897,4,
898,2,
899,1,
900,5,
901,9,
902,3,
903,7,
904,9,
905,7,
906,2,
907,3,
908,0,
909,2,
910,0,
911,1,
912,8,
913,8,
914,7,
915,2,
916,6,
917,7,
918,2,
919,6,
920,9,
921,6,
922,3,
923,6,
924,8,
925,6,
926,6,
927,8,
928,4,
929,4,
930,9,
931,9,
932,8,
933,1,
934,7,
935,8,
936,5,
937,3,
938,9,
939,2,
940,3,
941,7,
942,0,
943,3,
944,9,
945,3,
946,9,
947,5,
948,3,
949,5,
950,6,
951,9,
952,8,
953,9,
954,4,
955,5,
956,4,
957,6,
958,6,
959,2,
960,4,
961,4,
962,1,
963,8,
964,8,
965,0,
966,4,
967,1,
968,4,
969,7,
970,1,
971,2,
972,5,
973,5,
974,6,
975,6,
976,5,
977,5,
978,5,
979,6,
980,8,
981,8,
982,9,
983,6,
984,8,
985,6,
986,7,
987,8,
988,1,
989,4,
990,8,
991,6,
992,9,
993,6,
994,6,
995,8,
996,9,
997,6,
998,1,
999,0,
1000,4,
1001,7,
1002,9,
1003,5,
1004,7,
1005,0,
1006,4,
1007,7,
1008,0,
1009,6,
1010,6,
1011,1,
1012,9,
1013,3,
1014,6,
1015,6,
1016,6,
1017,9,
1018,6,
1019,5,
1020,2,
1021,6,
1022,6,
1023,8,
1024,7,
1025,9,
1026,3,
1027,6,
1028,6,
1029,0,
1030,7,
1031,7,
1032,4,
1033,0,
1034,9,
1035,9,
1036,8,
1037,5,
1038,7,
1039,0,
1040,3,
1041,0,
1042,3,
1043,0,
1044,2,
1045,0,
1046,5,
1047,5,
1048,4,
1049,7,
1050,8,
1051,3,
1052,1,
1053,6,
1054,4,
1055,5,
1056,3,
1057,0,
1058,0,
1059,6,
1060,9,
1061,9,
1062,6,
1063,7,
1064,6,
1065,6,
1066,6,
1067,6,
1068,9,
1069,6,
1070,7,
1071,0,
1072,8,
1073,2,
1074,6,
1075,8,
1076,9,
1077,7,
1078,3,
1079,2,
1080,6,
1081,6,
1082,5,
1083,6,
1084,7,
1085,7,
1086,6,
1087,6,
1088,6,
1089,3,
1090,5,
1091,1,
1092,6,
1093,6,
1094,6,
1095,4,
1096,6,
1097,7,
1098,6,
1099,6,
1100,6,
1101,8,
1102,5,
1103,1,
1104,1,
1105,2,
1106,5,
1107,0,
1108,3,
1109,0,
1110,7,
1111,2,
1112,7,
1113,1,
1114,7,
1115,5,
1116,4,
1117,0,
1118,8,
1119,3,
1120,2,
1121,3,
1122,0,
1123,8,
1124,5,
1125,7,
1126,5,
1127,0,
1128,3,
1129,9,
1130,2,
1131,6,
1132,4,
1133,5,
1134,9,
1135,9,
1136,0,
1137,6,
1138,6,
1139,3,
1140,9,
1141,0,
1142,9,
1143,0,
1144,8,
1145,2,
1146,2,
1147,5,
1148,7,
1149,4,
1150,9,
1151,7,
1152,6,
1153,4,
1154,0,
1155,6,
1156,7,
1157,0,
1158,6,
1159,3,
1160,0,
1161,4,
1162,7,
1163,3,
1164,6,
1165,6,
1166,6,
1167,2,
1168,0,
1169,3,
1170,6,
1171,2,
1172,6,
1173,6,
1174,8,
1175,5,
1176,6,
1177,0,
1178,2,
1179,1,
1180,5,
1181,1,
1182,0,
1183,7,
1184,5,
1185,4,
1186,1,
1187,1,
1188,3,
1189,4,
1190,1,
1191,5,
1192,6,
1193,7,
1194,1,
1195,6,
1196,2,
1197,5,
1198,7,
1199,6,
1200,6,
1201,0,
1202,8,
1203,1,
1204,6,
1205,6,
1206,9,
1207,9,
1208,7,
1209,4,
1210,4,
1211,3,
1212,9,
1213,0,
1214,9,
1215,9,
1216,5,
1217,1,
1218,9,
1219,3,
1220,9,
1221,3,
1222,7,
1223,4,
1224,0,
1225,0,
1226,0,
1227,0,
1228,0,
1229,0,
1230,0,
1231,0,
1232,0,
1233,0,
1234,0,
1235,0,
1236,0,
1237,0,
1238,0,
1239,0,
1240,0,
1241,0,
1242,0,
1243,0,
1244,0,
1245,0,
1246,0,
1247,0,
1248,0,
1249,0,
1250,0,
1251,0,
1252,0,
1253,0,
1254,0,
1255,0,
1256,0,
1257,0,
1258,0,
1259,0,
1260,0,
1261,0,
1262,0,
1263,0,
1264,0,
1265,0,
1266,0,
1267,0,
1268,0,
1269,0,
1270,0,
1271,0,
1272,0,
1273,0,
1274,0,
1275,0,
1276,0,
1277,0,
1278,0,
1279,0,
1280,0,
1281,0,
1282,0,
1283,0,
1284,0,
1285,0,
1286,0,
1287,0,
1288,0,
1289,0,
1290,0,
1291,0,
1292,0,
1293,0,
1294,0,
1295,0,
1296,1,
1297,5,
1298,9,
1299,7,
1300,4,
1301,4,
1302,8,
1303,5,
1304,9,
1305,5,
1306,1,
1307,1,
1308,7,
1309,6,
1310,6,
1311,9,
1312,9,
1313,0,
1314,6,
1315,3,
1316,6,
1317,6,
1318,1,
1319,5,
1320,0,
1321,0,
1322,9,
1323,8,
1324,3,
1325,7,
1326,9,
1327,4,
1328,9,
1329,3,
1330,2,
1331,5,
1332,7,
1333,8,
1334,1,
1335,6,
1336,7,
1337,0,
1338,4,
1339,5,
1340,7,
1341,8,
1342,8,
1343,3,
1344,5,
1345,1,
1346,7,
1347,6,
1348,3,
1349,3,
1350,2,
1351,9,
1352,9,
1353,6,
1354,2,
1355,6,
1356,9,
1357,0,
1358,9,
1359,1,
1360,0,
1361,0,
1362,9,
1363,2,
1364,2,
1365,8,
1366,9,
1367,2,
1368,2,
1369,6,
1370,2,
1371,8,
1372,8,
1373,9,
1374,2,
1375,6,
1376,1,
1377,5,
1378,9,
1379,4,
1380,4,
1381,6,
1382,3,
1383,6,
1384,8,
1385,0,
1386,6,
1387,6,
1388,8,
1389,5,
1390,8,
1391,6,
1392,0,
1393,9,
1394,4,
1395,3,
1396,9,
1397,1,
1398,4,
1399,0,
1400,5,
1401,9,
1402,2,
1403,7,
1404,1,
1405,2,
1406,2,
1407,5,
1408,5,
1409,1,
1410,3,
1411,0,
1412,7,
1413,6,
1414,6,
1415,4,
1416,2,
1417,2,
1418,6,
1419,7,
1420,4,
1421,5,
1422,6,
1423,6,
1424,5,
1425,6,
1426,8,
1427,5,
1428,6,
1429,6,
1430,0,
1431,5,
1432,1,
1433,9,
1434,1,
1435,0,
1436,0,
1437,8,
1438,3,
1439,2,
1440,2,
1441,6,
1442,0,
1443,7,
1444,1,
1445,4,
1446,5,
1447,6,
1448,8,
1449,8,
1450,8,
1451,2,
1452,6,
1453,6,
1454,6,
1455,6,
1456,7,
1457,3,
1458,6,
1459,6,
1460,6,
1461,6,
1462,6,
1463,0,
1464,0,
1465,9,
1466,0,
1467,3,
1468,1,
1469,7,
1470,6,
1471,1,
1472,4,
1473,9,
1474,7,
1475,2,
1476,1,
1477,6,
1478,7,
1479,5,
1480,7,
1481,4,
1482,3,
1483,2,
1484,5,
1485,1,
1486,6,
1487,6,
1488,3,
1489,6,
1490,4,
1491,6,
1492,8,
1493,6,
1494,5,
1495,5,
1496,9,
1497,6,
1498,6,
1499,8,
1500,9,
1501,6,
1502,9,
1503,9,
1504,4,
1505,4,
1506,3,
1507,9,
1508,8,
1509,0,
1510,2,
1511,0,
1512,7,
1513,0,
1514,0,
1515,5,
1516,3,
1517,2,
1518,0,
1519,6,
1520,9,
1521,2,
1522,3,
1523,0,
1524,6,
1525,6,
1526,6,
1527,6,
1528,2,
1529,0,
1530,6,
1531,4,
1532,9,
1533,3,
1534,6,
1535,6,
1536,6,
1537,9,
1538,4,
1539,1,
1540,4,
1541,7,
1542,9,
1543,1,
1544,2,
1545,7,
1546,1,
1547,1,
1548,7,
1549,9,
1550,2,
1551,6,
1552,2,
1553,8,
1554,1,
1555,2,
1556,8,
1557,6,
1558,8,
1559,3,
1560,6,
1561,2,
1562,9,
1563,6,
1564,7,
1565,6,
1566,9,
1567,8,
1568,6,
1569,6,
1570,4,
1571,3,
1572,9,
1573,9,
1574,4,
1575,5,
1576,4,
1577,4,
1578,0,
1579,7,
1580,4,
1581,9,
1582,1,
1583,1,
1584,7,
1585,6,
1586,4,
1587,3,
1588,5,
1589,6,
1590,6,
1591,6,
1592,4,
1593,6,
1594,7,
1595,4,
1596,6,
1597,6,
1598,6,
1599,6,
1600,2,
1601,5,
1602,9,
1603,6,
1604,9,
1605,4,
1606,3,
1607,5,
1608,0,
1609,2,
1610,4,
1611,1,
1612,8,
1613,5,
1614,4,
1615,3,
1616,2,
1617,5,
1618,7,
1619,8,
1620,1,
1621,6,
1622,4,
1623,4,
1624,0,
1625,4,
1626,6,
1627,8,
1628,0,
1629,9,
1630,1,
1631,1,
1632,8,
1633,9,
1634,8,
1635,6,
1636,1,
1637,5,
1638,9,
1639,4,
1640,6,
1641,4,
1642,1,
1643,1,
1644,0,
1645,0,
1646,9,
1647,4,
1648,3,
1649,3,
1650,6,
1651,4,
1652,9,
1653,7,
1654,3,
1655,3,
1656,0,
1657,0,
1658,0,
1659,0,
1660,0,
1661,0,
1662,0,
1663,0,
1664,0,
1665,0,
1666,0,
1667,0,
1668,0,
1669,0,
1670,0,
1671,0,
1672,0,
1673,0,
1674,0,
1675,0,
1676,0,
1677,0,
1678,0,
1679,0,
1680,0,
1681,0,
1682,0,
1683,0,
1684,0,
1685,0,
1686,0,
1687,0,
1688,0,
1689,0,
1690,0,
1691,0,
1692,0,
1693,0,
1694,0,
1695,0,
1696,0,
1697,0,
1698,0,
1699,0,
1700,0,
1701,0,
1702,0,
1703,0,
1704,0,
1705,0,
1706,0,
1707,0,
1708,0,
1709,0,
1710,0,
1711,0,
1712,0,
1713,0,
1714,0,
1715,0,
1716,0,
1717,0,
1718,0,
1719,0,
1720,0,
1721,0,
1722,0,
1723,0,
1724,0,
1725,0,
1726,0,
1727,0,
1728,3,
1729,7,
1730,9,
1731,9,
1732,2,
1733,8,
1734,0,
1735,5,
1736,2,
1737,6,
1738,3,
1739,3,
1740,5,
1741,6,
1742,2,
1743,6,
1744,5,
1745,0,
1746,1,
1747,6,
1748,3,
1749,1,
1750,5,
1751,2,
1752,4,
1753,8,
1754,3,
1755,2,
1756,9,
1757,9,
1758,7,
1759,8,
1760,4,
1761,4,
1762,9,
1763,1,
1764,8,
1765,0,
1766,9,
1767,2,
1768,1,
1769,7,
1770,4,
1771,1,
1772,8,
1773,6,
1774,5,
1775,1,
1776,5,
1777,4,
1778,0,
1779,6,
1780,1,
1781,8,
1782,1,
1783,6,
1784,9,
1785,6,
1786,6,
1787,9,
1788,0,
1789,4,
1790,7,
1791,7,
1792,3,
1793,5,
1794,8,
1795,4,
1796,1,
1797,0,
1798,2,
1799,0,
1800,5,
1801,9,
1802,4,
1803,7,
1804,7,
1805,8,
1806,5,
1807,2,
1808,4,
1809,7,
1810,6,
1811,6,
1812,6,
1813,4,
1814,6,
1815,0,
1816,1,
1817,6,
1818,6,
1819,6,
1820,6,
1821,6,
1822,5,
1823,4,
1824,2,
1825,3,
1826,0,
1827,4,
1828,2,
1829,8,
1830,4,
1831,8,
1832,7,
1833,8,
1834,9,
1835,7,
1836,0,
1837,2,
1838,3,
1839,9,
1840,1,
1841,7,
1842,9,
1843,8,
1844,1,
1845,6,
1846,3,
1847,5,
1848,0,
1849,1,
1850,8,
1851,9,
1852,5,
1853,0,
1854,0,
1855,0,
1856,0,
1857,1,
1858,1,
1859,5,
1860,9,
1861,6,
1862,7,
1863,6,
1864,8,
1865,0,
1866,0,
1867,6,
1868,3,
1869,8,
1870,9,
1871,3,
1872,4,
1873,2,
1874,2,
1875,8,
1876,6,
1877,9,
1878,5,
1879,6,
1880,6,
1881,8,
1882,6,
1883,1,
1884,0,
1885,6,
1886,6,
1887,0,
1888,6,
1889,9,
1890,6,
1891,6,
1892,6,
1893,4,
1894,6,
1895,6,
1896,0,
1897,3,
1898,9,
1899,9,
1900,5,
1901,0,
1902,5,
1903,5,
1904,9,
1905,7,
1906,7,
1907,0,
1908,7,
1909,6,
1910,0,
1911,7,
1912,6,
1913,0,
1914,1,
1915,7,
1916,5,
1917,8,
1918,8,
1919,6,
1920,2,
1921,1,
1922,1,
1923,2,
1924,8,
1925,2,
1926,2,
1927,7,
1928,4,
1929,6,
1930,7,
1931,6,
1932,9,
1933,6,
1934,4,
1935,1,
1936,0,
1937,0,
1938,4,
1939,9,
1940,6,
1941,2,
1942,7,
1943,4,
1944,7,
1945,4,
1946,4,
1947,9,
1948,3,
1949,9,
1950,0,
1951,6,
1952,6,
1953,5,
1954,7,
1955,4,
1956,6,
1957,6,
1958,6,
1959,6,
1960,6,
1961,0,
1962,6,
1963,6,
1964,6,
1965,8,
1966,8,
1967,2,
1968,8,
1969,0,
1970,6,
1971,9,
1972,9,
1973,5,
1974,0,
1975,4,
1976,4,
1977,9,
1978,4,
1979,8,
1980,0,
1981,7,
1982,8,
1983,1,
1984,5,
1985,8,
1986,9,
1987,1,
1988,5,
1989,1,
1990,9,
1991,1,
1992,5,
1993,0,
1994,9,
1995,6,
1996,9,
1997,7,
1998,9,
1999,9,
2000,9,
2001,8,
2002,1,
2003,6,
2004,6,
2005,4,
2006,6,
2007,8,
2008,1,
2009,3,
2010,0,
2011,0,
2012,7,
2013,4,
2014,4,
2015,7,
2016,8,
2017,8,
2018,8,
2019,1,
2020,4,
2021,2,
2022,9,
2023,6,
2024,9,
2025,6,
2026,3,
2027,3,
2028,6,
2029,6,
2030,6,
2031,6,
2032,1,
2033,3,
2034,6,
2035,9,
2036,1,
2037,3,
2038,0,
2039,4,
2040,6,
2041,6,
2042,3,
2043,5,
2044,0,
2045,0,
2046,2,
2047,0,
2048,4,
2049,8,
2050,0,
2051,0,
2052,6,
2053,2,
2054,4,
2055,5,
2056,3,
2057,4,
2058,4,
2059,9,
2060,9,
2061,6,
2062,1,
2063,4,
2064,6,
2065,9,
2066,3,
2067,6,
2068,5,
2069,7,
2070,9,
2071,9,
2072,9,
2073,6,
2074,9,
2075,4,
2076,3,
2077,9,
2078,3,
2079,6,
2080,3,
2081,0,
2082,7,
2083,9,
2084,2,
2085,0,
2086,0,
2087,9,
2088,0,
2089,0,
2090,0,
2091,0,
2092,0,
2093,0,
2094,0,
2095,0,
2096,0,
2097,0,
2098,0,
2099,0,
2100,0,
2101,0,
2102,0,
2103,0,
2104,0,
2105,0,
2106,0,
2107,0,
2108,0,
2109,0,
2110,0,
2111,0,
2112,0,
2113,0,
2114,0,
2115,0,
2116,0,
2117,0,
2118,0,
2119,0,
2120,0,
2121,0,
2122,0,
2123,0,
2124,0,
2125,0,
2126,0,
2127,0,
2128,0,
2129,0,
2130,0,
2131,0,
2132,0,
2133,0,
2134,0,
2135,0,
2136,0,
2137,0,
2138,0,
2139,0,
2140,0,
2141,0,
2142,0,
2143,0,
2144,0,
2145,0,
2146,0,
2147,0,
2148,0,
2149,0,
2150,0,
2151,0,
2152,0,
2153,0,
2154,0,
2155,0,
2156,0,
2157,0,
2158,0,
2159,0,
2160,0,
2161,0,
2162,0,
2163,0,
2164,0,
2165,0,
2166,0,
2167,0,
2168,0,
2169,0,
2170,0,
2171,0,
2172,0,
2173,0,
2174,0,
2175,0,
2176,0,
2177,0,
2178,0,
2179,0,
2180,0,
2181,0,
2182,0,
2183,0,
2184,0,
2185,0,
2186,0,
2187,0,
2188,0,
2189,0,
2190,0,
2191,0,
2192,0,
2193,0,
2194,0,
2195,0,
2196,0,
2197,0,
2198,0,
2199,0,
2200,0,
2201,0,
2202,0,
2203,0,
2204,0,
2205,0,
2206,0,
2207,0,
2208,0,
2209,0,
2210,0,
2211,0,
2212,0,
2213,0,
2214,0,
2215,0,
2216,0,
2217,0,
2218,0,
2219,0,
2220,0,
2221,0,
2222,0,
2223,0,
2224,0,
2225,0,
2226,0,
2227,0,
2228,0,
2229,0,
2230,0,
2231,0,
2232,0,
2233,0,
2234,0,
2235,0,
2236,0,
2237,0,
2238,0,
2239,0,
2240,0,
2241,0,
2242,0,
2243,0,
2244,0,
2245,0,
2246,0,
2247,0,
2248,0,
2249,0,
2250,0,
2251,0,
2252,0,
2253,0,
2254,0,
2255,0,
2256,0,
2257,0,
2258,0,
2259,0,
2260,0,
2261,0,
2262,0,
2263,0,
2264,0,
2265,0,
2266,0,
2267,0,
2268,0,
2269,0,
2270,0,
2271,0,
2272,0,
2273,0,
2274,0,
2275,0,
2276,0,
2277,0,
2278,0,
2279,0,
2280,0,
2281,0,
2282,0,
2283,0,
2284,0,
2285,0,
2286,0,
2287,0,
2288,0,
2289,0,
2290,0,
2291,0,
2292,0,
2293,0,
2294,0,
2295,0,
2296,0,
2297,0,
2298,0,
2299,0,
2300,0,
2301,0,
2302,0,
2303,0,
2304,0,
2305,0,
2306,0,
2307,0,
2308,0,
2309,0,
2310,0,
2311,0,
2312,0,
2313,0,
2314,0,
2315,0,
2316,0,
2317,0,
2318,0,
2319,0,
2320,0,
2321,0,
2322,0,
2323,0,
2324,0,
2325,0,
2326,0,
2327,0,
2328,0,
2329,0,
2330,0,
2331,0,
2332,0,
2333,0,
2334,0,
2335,0,
2336,0,
2337,0,
2338,0,
2339,0,
2340,0,
2341,0,
2342,0,
2343,0,
2344,0,
2345,0,
2346,0,
2347,0,
2348,0,
2349,0,
2350,0,
2351,0,
2352,0,
2353,0,
2354,0,
2355,0,
2356,0,
2357,0,
2358,0,
2359,0,
2360,0,
2361,0,
2362,0,
2363,0,
2364,0,
2365,0,
2366,0,
2367,0,
2368,0,
2369,0,
2370,0,
2371,0,
2372,0,
2373,0,
2374,0,
2375,0,
2376,0,
2377,0,
2378,0,
2379,0,
2380,0,
2381,0,
2382,0,
2383,0,
2384,0,
2385,0,
2386,0,
2387,0,
2388,0,
2389,0,
2390,0,
2391,0,
2392,0,
2393,0,
2394,0,
2395,0,
2396,0,
2397,0,
2398,0,
2399,0,
2400,0,
2401,0,
2402,0,
2403,0,
2404,0,
2405,0,
2406,0,
2407,0,
2408,0,
2409,0,
2410,0,
2411,0,
2412,0,
2413,0,
2414,0,
2415,0,
2416,0,
2417,0,
2418,0,
2419,0,
2420,0,
2421,0,
2422,0,
2423,0,
2424,0,
2425,0,
2426,0,
2427,0,
2428,0,
2429,0,
2430,0,
2431,0,
2432,0,
2433,0,
2434,0,
2435,0,
2436,0,
2437,0,
2438,0,
2439,0,
2440,0,
2441,0,
2442,0,
2443,0,
2444,0,
2445,0,
2446,0,
2447,0,
2448,0,
2449,0,
2450,0,
2451,0,
2452,0,
2453,0,
2454,0,
2455,0,
2456,0,
2457,0,
2458,0,
2459,0,
2460,0,
2461,0,
2462,0,
2463,0,
2464,0,
2465,0,
2466,0,
2467,0,
2468,0,
2469,0,
2470,0,
2471,0,
2472,0,
2473,0,
2474,0,
2475,0,
2476,0,
2477,0,
2478,0,
2479,0,
2480,0,
2481,0,
2482,0,
2483,0,
2484,0,
2485,0,
2486,0,
2487,0,
2488,0,
2489,0,
2490,0,
2491,0,
2492,0,
2493,0,
2494,0,
2495,0,
2496,0,
2497,0,
2498,0,
2499,0,
2500,0,
2501,0,
2502,0,
2503,0,
2504,0,
2505,0,
2506,0,
2507,0,
2508,0,
2509,0,
2510,0,
2511,0,
2512,0,
2513,0,
2514,0,
2515,0,
2516,0,
2517,0,
2518,0,
2519,0,
2520,0,
2521,0,
2522,0,
2523,0,
2524,0,
2525,0,
2526,0,
2527,0,
2528,0,
2529,0,
2530,0,
2531,0,
2532,0,
2533,0,
2534,0,
2535,0,
2536,0,
2537,0,
2538,0,
2539,0,
2540,0,
2541,0,
2542,0,
2543,0,
2544,0,
2545,0,
2546,0,
2547,0,
2548,0,
2549,0,
2550,0,
2551,0,
2552,0,
2553,0,
2554,0,
2555,0,
2556,0,
2557,0,
2558,0,
2559,0,
2560,0,
2561,0,
2562,0,
2563,0,
2564,0,
2565,0,
2566,0,
2567,0,
2568,0,
2569,0,
2570,0,
2571,0,
2572,0,
2573,0,
2574,0,
2575,0,
2576,0,
2577,0,
2578,0,
2579,0,
2580,0,
2581,0,
2582,0,
2583,0,
2584,0,
2585,0,
2586,0,
2587,0,
2588,0,
2589,0,
2590,0,
2591,0,
