0,0.3327791
1,-0.11369
2,-0.4076688
3,-0.4019996
4,-0.5213438
5,-0.5215011
6,-0.4995769
7,-0.4697326
8,-0.4321916
9,-0.4016152
10,-0.4588949
11,-0.3679333
12,-0.3479525
13,-0.3427462
14,-0.3482209
15,-0.3836807
16,-0.371309
17,-0.3803832
18,-0.3716174
19,-0.3806215
20,-0.3079151
21,-0.2746716
22,-0.2745423
23,-0.2990471
24,-0.3464889
25,-0.3509697
26,-0.320017
27,-0.3249212
28,-0.335731
29,-0.3163792
30,-0.3101166
31,-0.3252867
32,-0.3249025
33,-0.3138616
34,-0.3404701
35,-0.3414899
36,-0.3400888
37,-0.3458696
38,-0.3434148
39,-0.3248235
40,-0.3412515
41,-0.3353536
42,-0.340688
43,-0.3364997
44,-0.339604
45,-0.3391559
46,-0.3342413
47,-0.328308
48,-0.3222365
49,-0.3249883
50,-0.314164
51,-0.3064673
52,-0.2980757
53,-0.2987434
54,-0.3047652
55,-0.3003142
56,-0.3019312
57,-0.3061266
58,-0.2955952
59,-0.2915217
60,-0.2792412
61,-0.2811333
62,-0.2808477
63,-0.2795843
64,-0.2738605
65,-0.2647421
66,-0.2572498
67,-0.2494794
68,-0.2581227
69,-0.2599792
70,-0.2620807
71,-0.264214
72,-0.2796052
73,-0.2768526
74,-0.2745978
75,-0.2732683
76,-0.2731348
77,-0.2602861
78,-0.2559494
79,-0.2552159
80,-0.2732809
81,-0.2811773
82,-0.2774549
83,-0.27614
84,-0.2766424
85,-0.2766826
86,-0.2825184
87,-0.284954
88,-0.2717274
89,-0.2648492
90,-0.2658301
91,-0.2768423
92,-0.2768485
93,-0.2763869
94,-0.2770115
95,-0.2771592
96,-0.2806493
97,-0.2763594
98,-0.2736321
99,-0.2869224
100,-0.2832079
101,-0.2821875
102,-0.279181
103,-0.2772548
104,-0.2737892
105,-0.2749868
106,-0.2705591
107,-0.2682331
108,-0.2688077
109,-0.2653827
110,-0.2563824
111,-0.2540213
112,-0.2521805
113,-0.2460108
114,-0.2417368
115,-0.2445657
116,-0.2556542
117,-0.2594376
118,-0.2587146
119,-0.2706267
120,-0.2673171
121,-0.2661994
122,-0.2658781
123,-0.2683476
124,-0.2661919
125,-0.2662956
126,-0.2665047
127,-0.2630885
128,-0.2651367
129,-0.2648597
130,-0.265955
131,-0.2628903
132,-0.2629464
133,-0.2655294
134,-0.2611443
135,-0.2644793
136,-0.2579236
137,-0.2587584
138,-0.2633442
139,-0.2621134
140,-0.2590422
141,-0.2558616
142,-0.2540284
143,-0.2532668
144,-0.2443531
145,-0.2550374
146,-0.2536737
147,-0.249996
148,-0.254652
149,-0.2521117
150,-0.2511716
151,-0.2490791
152,-0.2463077
153,-0.2436031
154,-0.2414071
155,-0.2431607
156,-0.2369613
157,-0.2433724
158,-0.2472816
159,-0.2497324
160,-0.2490212
161,-0.2479983
162,-0.2502382
163,-0.2504869
164,-0.2498342
165,-0.247118
166,-0.2477113
167,-0.2473236
168,-0.248623
169,-0.2503194
170,-0.2451466
171,-0.2432687
172,-0.2424908
173,-0.2397339
174,-0.23889
175,-0.2366652
176,-0.2346874
177,-0.2339
178,-0.2361306
179,-0.2382355
180,-0.2402365
181,-0.2393824
182,-0.242178
183,-0.2459117
184,-0.246685
185,-0.2466391
186,-0.2463229
187,-0.2478573
188,-0.2475238
189,-0.2467787
190,-0.2434906
191,-0.2419342
192,-0.2416891
193,-0.2392786
194,-0.238788
195,-0.2398294
196,-0.2372567
197,-0.2381697
198,-0.2407411
199,-0.2411515
200,-0.2385086
201,-0.2428825
202,-0.2484267
203,-0.2543219
204,-0.2543563
205,-0.2573263
206,-0.264839
207,-0.2635368
208,-0.2628138
209,-0.2619649
210,-0.2573063
211,-0.2561902
212,-0.2556258
213,-0.2563143
214,-0.257944
215,-0.259265
216,-0.2578838
217,-0.2579361
218,-0.2575362
219,-0.2580518
220,-0.2547013
221,-0.2559314
222,-0.2546281
223,-0.2540787
224,-0.2553647
225,-0.2536612
226,-0.2547259
227,-0.253495
228,-0.2561265
229,-0.2553322
230,-0.2575518
231,-0.257673
232,-0.2567572
233,-0.266252
234,-0.2650428
235,-0.2683317
236,-0.2673456
237,-0.2663027
238,-0.2645642
239,-0.2653006
240,-0.2656617
241,-0.2652796
242,-0.2668821
243,-0.2644821
244,-0.2640015
245,-0.2631352
246,-0.2647919
247,-0.2681834
248,-0.2665542
249,-0.2658329
250,-0.2647787
251,-0.2654397
252,-0.2659856
253,-0.2653869
254,-0.2672655
255,-0.2683003
256,-0.2678234
257,-0.2685049
258,-0.2685975
259,-0.2698093
260,-0.2702988
261,-0.2690321
262,-0.2655985
263,-0.2643199
264,-0.264048
265,-0.2656029
266,-0.2662586
267,-0.2653885
268,-0.2647063
269,-0.2643861
270,-0.2660776
271,-0.264042
272,-0.2616956
273,-0.2610589
274,-0.2592138
275,-0.2580027
276,-0.2568088
277,-0.2553276
278,-0.2548192
279,-0.2543743
280,-0.25281
281,-0.2531036
282,-0.2522154
283,-0.2514626
284,-0.2512434
285,-0.2494921
286,-0.2486067
287,-0.2490322
288,-0.248439
289,-0.2463907
290,-0.2465068
291,-0.2484883
292,-0.2468284
293,-0.247409
294,-0.2471142
295,-0.2468013
296,-0.2488933
297,-0.2495037
298,-0.2497055
299,-0.2495546
300,-0.246109
301,-0.2467612
302,-0.2492085
303,-0.2492494
304,-0.2490292
305,-0.2482384
306,-0.2457199
307,-0.2453381
308,-0.2444535
309,-0.2431198
310,-0.2425174
311,-0.2417427
312,-0.2431113
313,-0.2444791
314,-0.2453102
315,-0.2454656
316,-0.2444435
317,-0.2537298
318,-0.2543771
319,-0.25383
320,-0.2524786
321,-0.2514659
322,-0.2503076
323,-0.2496992
324,-0.2491517
325,-0.2507535
326,-0.2512557
327,-0.2511036
328,-0.2533951
329,-0.2564629
330,-0.2554827
331,-0.254824
332,-0.2532744
333,-0.2536008
334,-0.251508
335,-0.2510228
336,-0.2494745
337,-0.2490018
338,-0.2487098
339,-0.2527159
340,-0.2517017
341,-0.2485884
342,-0.2480001
343,-0.2477193
344,-0.2464652
345,-0.2453048
346,-0.2450923
347,-0.244563
348,-0.2433075
349,-0.2445607
350,-0.2443278
351,-0.2442083
352,-0.2461283
353,-0.2454929
354,-0.244095
355,-0.2434621
356,-0.24305
357,-0.2415968
358,-0.2409968
359,-0.2402984
360,-0.2396154
361,-0.2392273
362,-0.2402904
363,-0.2427618
364,-0.2423013
365,-0.2406177
366,-0.2431459
367,-0.2428204
368,-0.2426356
369,-0.2422
370,-0.2412402
371,-0.241743
372,-0.2412781
373,-0.2410889
374,-0.2435184
375,-0.2424331
376,-0.2450473
377,-0.2436204
378,-0.2445365
379,-0.24427
380,-0.2437321
381,-0.2442427
382,-0.2428418
383,-0.2445592
384,-0.2438115
385,-0.2432735
386,-0.2435786
387,-0.2437757
388,-0.2451423
389,-0.2451498
390,-0.2449178
391,-0.2454566
392,-0.2452897
393,-0.244458
394,-0.2439696
395,-0.2438162
396,-0.2433651
397,-0.2417696
398,-0.2413011
399,-0.2408188
400,-0.2398102
401,-0.2396915
402,-0.242834
403,-0.2429295
404,-0.2419375
405,-0.2420187
406,-0.2422527
407,-0.2410723
408,-0.2396023
409,-0.2396213
410,-0.2413794
411,-0.2419279
412,-0.2418215
413,-0.2408995
414,-0.2406323
415,-0.2405542
416,-0.2402621
417,-0.2397781
418,-0.2394407
419,-0.2393677
420,-0.238467
421,-0.2368498
422,-0.2365561
423,-0.2369945
424,-0.2368966
425,-0.2371384
426,-0.2362363
427,-0.2363526
428,-0.2364458
429,-0.2347576
430,-0.2344328
431,-0.2342823
432,-0.2340232
433,-0.2338191
434,-0.2341763
435,-0.2342868
436,-0.2338786
437,-0.2326414
438,-0.2323823
439,-0.2314078
440,-0.231391
441,-0.2301921
442,-0.23094
443,-0.2324339
444,-0.2318764
445,-0.2311676
446,-0.2298553
447,-0.2294002
448,-0.2288325
449,-0.2282074
450,-0.2278545
451,-0.2277287
452,-0.2274335
453,-0.2317332
454,-0.2312367
455,-0.2305161
456,-0.2304215
457,-0.231987
458,-0.2310774
459,-0.2306916
460,-0.2308087
461,-0.2296737
462,-0.2298006
463,-0.2286247
464,-0.2280338
465,-0.2275984
466,-0.2272992
467,-0.2277379
468,-0.2267062
469,-0.2280314
470,-0.2275339
471,-0.227011
472,-0.2270934
473,-0.2268777
474,-0.2267588
475,-0.2265597
476,-0.2273233
477,-0.2256269
478,-0.2261812
479,-0.2259127
480,-0.2246834
481,-0.2243459
482,-0.2243352
483,-0.2239723
484,-0.2239559
485,-0.2235671
486,-0.2225018
487,-0.2225094
488,-0.2235628
489,-0.2231679
490,-0.2227747
491,-0.2231346
492,-0.2216396
493,-0.2246904
494,-0.224803
495,-0.2245017
496,-0.2249628
497,-0.2247278
498,-0.2238919
499,-0.2220285
500,-0.2218984
501,-0.2222757
502,-0.2219257
503,-0.2220035
504,-0.2241182
505,-0.224067
506,-0.2241556
507,-0.2233211
508,-0.2237998
509,-0.2236712
510,-0.2248755
511,-0.2265415
512,-0.2260149
513,-0.2252045
514,-0.224618
515,-0.227646
516,-0.2269118
517,-0.2257784
518,-0.2250442
519,-0.2248365
520,-0.2246839
521,-0.2246943
522,-0.2240054
523,-0.2243137
524,-0.2241387
525,-0.2235925
526,-0.2248886
527,-0.224376
528,-0.2239659
529,-0.2251173
530,-0.2259072
531,-0.225183
532,-0.2243286
533,-0.2248683
534,-0.224213
535,-0.2239417
536,-0.2243015
537,-0.2252855
538,-0.224594
539,-0.2245493
540,-0.2240603
541,-0.2238323
542,-0.2228111
543,-0.2236993
544,-0.2243027
545,-0.2239325
546,-0.2233782
547,-0.2221734
548,-0.2218712
549,-0.2203836
550,-0.219676
551,-0.2196719
552,-0.2192408
553,-0.2184834
554,-0.2183365
555,-0.2188015
556,-0.2184152
557,-0.2178387
558,-0.2172334
559,-0.221032
560,-0.2213268
561,-0.2213788
562,-0.2212639
563,-0.2210621
564,-0.2209013
565,-0.2195575
566,-0.2193367
567,-0.2189962
568,-0.2194939
569,-0.2193483
570,-0.2191677
571,-0.2185419
572,-0.2192781
573,-0.2187147
574,-0.218121
575,-0.2181276
576,-0.2188894
577,-0.2189342
578,-0.2177261
579,-0.2175264
580,-0.2173797
581,-0.2172406
582,-0.2197334
583,-0.2200088
584,-0.2195043
585,-0.2192906
586,-0.2200107
587,-0.2197724
588,-0.220061
589,-0.2209844
590,-0.2198001
591,-0.2205375
592,-0.2199455
593,-0.2198149
594,-0.2220579
595,-0.2218144
596,-0.2220073
597,-0.2218957
598,-0.2192293
599,-0.2185023
600,-0.2181127
601,-0.2179145
602,-0.2172927
603,-0.2169187
604,-0.2170922
605,-0.2164004
606,-0.2161505
607,-0.2158509
608,-0.2149979
609,-0.2155557
610,-0.2156027
611,-0.2155485
612,-0.2154106
613,-0.2151353
614,-0.2151004
615,-0.2148088
616,-0.2142332
617,-0.2139321
618,-0.2133473
619,-0.2134649
620,-0.2140947
621,-0.213853
622,-0.2129346
623,-0.2127157
624,-0.2126303
625,-0.2115749
626,-0.2118994
627,-0.2122511
628,-0.2124815
629,-0.2112307
630,-0.2120855
631,-0.2118402
632,-0.2124063
633,-0.2122373
634,-0.211696
635,-0.2120537
636,-0.2115285
637,-0.2111373
638,-0.2108605
639,-0.2102131
640,-0.2102107
641,-0.2098409
642,-0.2095346
643,-0.2083175
644,-0.2080209
645,-0.2074744
646,-0.2069865
647,-0.2076912
648,-0.2074663
649,-0.207681
650,-0.2076751
651,-0.2074011
652,-0.2069957
653,-0.2067922
654,-0.207596
655,-0.2073524
656,-0.2077949
657,-0.2070289
658,-0.2065084
659,-0.206038
660,-0.2054786
661,-0.2049333
662,-0.204689
663,-0.2050512
664,-0.2040527
665,-0.2056573
666,-0.2055418
667,-0.2049886
668,-0.204374
669,-0.2053166
670,-0.2044598
671,-0.2045133
672,-0.2041907
673,-0.204732
674,-0.2047763
675,-0.205609
676,-0.2051047
677,-0.2047973
678,-0.2069502
679,-0.2069544
680,-0.2065526
681,-0.2058097
682,-0.2053239
683,-0.2047289
684,-0.2040153
685,-0.2035818
686,-0.2028152
687,-0.2025108
688,-0.2021763
689,-0.2024195
690,-0.2020571
691,-0.2025959
692,-0.202179
693,-0.2018446
694,-0.2019567
695,-0.2014614
696,-0.2013682
697,-0.2007208
698,-0.2015322
699,-0.2016204
700,-0.2009099
701,-0.2007039
702,-0.2004369
703,-0.2003795
704,-0.1999664
705,-0.2009293
706,-0.2002872
707,-0.1995362
708,-0.1993348
709,-0.1996331
710,-0.1989782
711,-0.1986764
712,-0.1986052
713,-0.1981817
714,-0.1974108
715,-0.1974303
716,-0.1971693
717,-0.1976426
718,-0.1985203
719,-0.1982067
720,-0.197511
721,-0.1961043
722,-0.1954909
723,-0.1960976
724,-0.1956552
725,-0.1957666
726,-0.1946704
727,-0.194469
728,-0.1949304
729,-0.1948492
730,-0.1947141
731,-0.1946777
732,-0.195047
733,-0.1961185
734,-0.1977149
735,-0.1977153
736,-0.1977485
737,-0.1971028
738,-0.1972788
739,-0.1967174
740,-0.1966626
741,-0.1963856
742,-0.195936
743,-0.1953283
744,-0.1974871
745,-0.1972488
746,-0.1971278
747,-0.1970587
748,-0.1964493
749,-0.1965594
750,-0.1965079
751,-0.1961245
752,-0.2002824
753,-0.2003189
754,-0.2000728
755,-0.1996977
756,-0.1995229
757,-0.199341
758,-0.1990488
759,-0.1993458
760,-0.1989935
761,-0.200487
762,-0.2009249
763,-0.2012374
764,-0.2013773
765,-0.2011057
766,-0.2010714
767,-0.2007984
768,-0.2009245
769,-0.2015665
770,-0.2024021
771,-0.20194
772,-0.2007425
773,-0.2008986
774,-0.2011357
775,-0.2012908
776,-0.2008856
777,-0.199789
778,-0.1994107
779,-0.2000004
780,-0.2017771
781,-0.2015001
782,-0.2026607
783,-0.2029076
784,-0.2025598
785,-0.202513
786,-0.202188
787,-0.2032472
788,-0.2027389
789,-0.2022242
790,-0.2013587
791,-0.2015055
792,-0.2011643
793,-0.2004215
794,-0.2011789
795,-0.2008673
796,-0.2003531
797,-0.2001666
798,-0.1995341
799,-0.1987568
800,-0.1986901
801,-0.1979175
802,-0.1977171
803,-0.1975503
804,-0.1977457
805,-0.197814
806,-0.1977879
807,-0.1976639
808,-0.1975687
809,-0.1974708
810,-0.1972309
811,-0.197426
812,-0.1971472
813,-0.1974728
814,-0.1966306
815,-0.1974396
816,-0.1967767
817,-0.1970154
818,-0.1967231
819,-0.1966266
820,-0.196362
821,-0.1959476
822,-0.1960881
823,-0.195698
824,-0.1955757
825,-0.1954915
826,-0.1952371
827,-0.1950499
828,-0.1947649
829,-0.1948029
830,-0.1946811
831,-0.194432
832,-0.1938898
833,-0.1937219
834,-0.1932887
835,-0.1931565
836,-0.1930378
837,-0.1927129
838,-0.192202
839,-0.1919045
840,-0.1917864
841,-0.1918844
842,-0.1918525
843,-0.1918038
844,-0.1923169
845,-0.192509
846,-0.1923323
847,-0.1920656
848,-0.1918924
849,-0.1917304
850,-0.1913452
851,-0.1911591
852,-0.1910029
853,-0.1903823
854,-0.1903684
855,-0.1902433
856,-0.1900504
857,-0.1898456
858,-0.1898236
859,-0.1892744
860,-0.1889445
861,-0.1887242
862,-0.1888234
863,-0.1885909
864,-0.1884707
865,-0.1880221
866,-0.1882186
867,-0.1877246
868,-0.1872694
869,-0.1872408
870,-0.1870649
871,-0.1869429
872,-0.1868817
873,-0.1869167
874,-0.1860837
875,-0.1860591
876,-0.1857351
877,-0.1854888
878,-0.1854307
879,-0.1853164
880,-0.1849817
881,-0.1849146
882,-0.1846667
883,-0.1853015
884,-0.1857716
885,-0.1855279
886,-0.1849061
887,-0.1855541
888,-0.1854328
889,-0.185158
890,-0.1850633
891,-0.1849432
892,-0.1846606
893,-0.1845447
894,-0.1846113
895,-0.1843663
896,-0.18418
897,-0.1844721
898,-0.1843568
899,-0.1844371
900,-0.1848304
901,-0.1849246
902,-0.1855966
903,-0.1849895
904,-0.1848127
905,-0.1853093
906,-0.1852524
907,-0.1851651
908,-0.1850861
909,-0.1850826
910,-0.1848064
911,-0.1846387
912,-0.1844932
913,-0.1843772
914,-0.1839784
915,-0.18446
916,-0.1842581
917,-0.1840785
918,-0.1838028
919,-0.1836593
920,-0.1829951
921,-0.1829696
922,-0.1835054
923,-0.1837889
924,-0.1835238
925,-0.1833978
926,-0.1832135
927,-0.1835467
928,-0.1831294
929,-0.1830623
930,-0.1830002
931,-0.1834043
932,-0.1830295
933,-0.1831364
934,-0.1826983
935,-0.1826507
936,-0.182349
937,-0.1824259
938,-0.1820923
939,-0.1815991
940,-0.1809568
941,-0.1808324
942,-0.1814919
943,-0.1813024
944,-0.180755
945,-0.1807984
946,-0.1812204
947,-0.1811948
948,-0.1810974
949,-0.1816769
950,-0.1814485
951,-0.1812315
952,-0.1811447
953,-0.1808181
954,-0.1805095
955,-0.181819
956,-0.1817087
957,-0.1815936
958,-0.181689
959,-0.1816124
960,-0.1813346
961,-0.1811669
962,-0.1807663
963,-0.1804821
964,-0.1815836
965,-0.1814172
966,-0.1810579
967,-0.1805505
968,-0.1808617
969,-0.1810944
970,-0.1807826
971,-0.1814927
972,-0.1809751
973,-0.1807813
974,-0.1807143
975,-0.1804958
976,-0.1800949
977,-0.1795872
978,-0.1792678
979,-0.178533
980,-0.1788064
981,-0.1784049
982,-0.1779034
983,-0.1771752
984,-0.1763601
985,-0.1762102
986,-0.1758649
987,-0.1756784
988,-0.1757285
989,-0.1756217
990,-0.1755725
991,-0.1755883
992,-0.1755067
993,-0.1757924
994,-0.175279
995,-0.1748055
996,-0.1748205
997,-0.1748271
998,-0.1746874
999,-0.1743272
1000,-0.1740852
1001,-0.173886
1002,-0.1738328
1003,-0.173793
1004,-0.1733676
1005,-0.1732894
1006,-0.1733271
1007,-0.1730901
1008,-0.1731139
1009,-0.1727858
1010,-0.1725694
1011,-0.1722543
1012,-0.1723803
1013,-0.17206
1014,-0.1716522
1015,-0.1709454
1016,-0.1703967
1017,-0.170035
1018,-0.1698937
1019,-0.1698477
1020,-0.1702789
1021,-0.1700626
1022,-0.1704006
1023,-0.1703198
1024,-0.1702814
1025,-0.1702605
1026,-0.1700391
1027,-0.1699923
1028,-0.1698609
1029,-0.170087
1030,-0.1701343
1031,-0.170003
1032,-0.1699412
1033,-0.1696716
1034,-0.170018
1035,-0.1696561
1036,-0.1694871
1037,-0.1691217
1038,-0.1688168
1039,-0.168548
1040,-0.1683265
1041,-0.1681926
1042,-0.1687758
1043,-0.1687549
1044,-0.1698152
1045,-0.1697709
1046,-0.1697244
1047,-0.1693681
1048,-0.1693747
1049,-0.1691372
1050,-0.1690034
1051,-0.169119
1052,-0.1685505
1053,-0.1682934
1054,-0.1675969
1055,-0.1673331
1056,-0.1673556
1057,-0.1672504
1058,-0.1667673
1059,-0.1664709
1060,-0.1662863
1061,-0.1657134
1062,-0.1654061
1063,-0.1656311
1064,-0.1662741
1065,-0.1660857
1066,-0.165844
1067,-0.1655273
1068,-0.1654263
1069,-0.1655907
1070,-0.1655148
1071,-0.1652995
1072,-0.1651959
1073,-0.1648647
1074,-0.1647296
1075,-0.1639165
1076,-0.1634632
1077,-0.1633078
1078,-0.1627903
1079,-0.1626881
1080,-0.1622254
1081,-0.1626696
1082,-0.1627021
1083,-0.1626933
1084,-0.1625215
1085,-0.1623453
1086,-0.1622071
1087,-0.1622719
1088,-0.1620311
1089,-0.1619269
1090,-0.1613369
1091,-0.1605364
1092,-0.1604633
1093,-0.1601092
1094,-0.1600924
1095,-0.1603042
1096,-0.1600686
1097,-0.1592739
1098,-0.1592837
1099,-0.1592116
1100,-0.1592229
1101,-0.1588511
1102,-0.1586046
1103,-0.1582936
1104,-0.1579388
1105,-0.1578592
1106,-0.1577523
1107,-0.1579946
1108,-0.1578624
1109,-0.1576907
1110,-0.1574528
1111,-0.1575387
1112,-0.1580671
1113,-0.1574794
1114,-0.1573418
1115,-0.1569511
1116,-0.1564203
1117,-0.1562892
1118,-0.1561332
1119,-0.1559653
1120,-0.1559203
1121,-0.1557524
1122,-0.1553335
1123,-0.155261
1124,-0.1550258
1125,-0.155066
1126,-0.1550363
1127,-0.1545259
1128,-0.154087
1129,-0.1538515
1130,-0.1543166
1131,-0.154117
1132,-0.1544666
1133,-0.1542583
1134,-0.1539628
1135,-0.1545044
1136,-0.1544626
1137,-0.1543207
1138,-0.1541357
1139,-0.1540933
1140,-0.1539971
1141,-0.1540943
1142,-0.153947
1143,-0.1538774
1144,-0.1534491
1145,-0.1536587
1146,-0.1543556
1147,-0.1546331
1148,-0.1548871
1149,-0.1547445
1150,-0.1547446
1151,-0.1545955
1152,-0.1544155
1153,-0.1548646
1154,-0.1545027
1155,-0.1546078
1156,-0.154474
1157,-0.1543031
1158,-0.1540339
1159,-0.1535473
1160,-0.1530706
1161,-0.1530544
1162,-0.1528794
1163,-0.1528143
1164,-0.1528569
1165,-0.1528545
1166,-0.1526404
1167,-0.1526767
1168,-0.1526634
1169,-0.1523309
1170,-0.1520738
1171,-0.1521285
1172,-0.151882
1173,-0.1516495
1174,-0.1512907
1175,-0.1508463
1176,-0.1500912
1177,-0.1502775
1178,-0.1499987
1179,-0.1493949
1180,-0.1492139
1181,-0.1493091
1182,-0.1491516
1183,-0.1494092
1184,-0.1493547
1185,-0.1490993
1186,-0.1486709
1187,-0.1480367
1188,-0.1478882
1189,-0.1476393
1190,-0.1474347
1191,-0.1470376
1192,-0.1467218
1193,-0.146317
1194,-0.1463603
1195,-0.1464265
1196,-0.1457897
1197,-0.1455487
1198,-0.145586
1199,-0.1455263
1200,-0.145262
1201,-0.1452032
1202,-0.1450564
1203,-0.1455242
1204,-0.1454589
1205,-0.1453356
1206,-0.1451764
1207,-0.1445421
1208,-0.1444147
1209,-0.1443217
1210,-0.1441695
1211,-0.1443173
1212,-0.1440935
1213,-0.1439379
1214,-0.1436933
1215,-0.1436655
1216,-0.143656
1217,-0.1434065
1218,-0.1426235
1219,-0.142674
1220,-0.1423942
1221,-0.1423016
1222,-0.1420129
1223,-0.141922
1224,-0.141785
1225,-0.1414485
1226,-0.1415794
1227,-0.1412122
1228,-0.140389
1229,-0.1404033
1230,-0.1407744
1231,-0.1406672
1232,-0.1406202
1233,-0.1404985
1234,-0.1402789
1235,-0.1404542
1236,-0.14004
1237,-0.1405763
1238,-0.1405116
1239,-0.1397773
1240,-0.1393628
1241,-0.1391611
1242,-0.1390706
1243,-0.1388169
1244,-0.1387049
1245,-0.1384286
1246,-0.1386272
1247,-0.1383502
1248,-0.1381925
1249,-0.1384467
1250,-0.1383047
1251,-0.1382472
1252,-0.1383944
1253,-0.1382317
1254,-0.1379144
1255,-0.1377857
1256,-0.1376551
1257,-0.1373837
1258,-0.1373158
1259,-0.1373601
1260,-0.1373554
1261,-0.1377524
1262,-0.1375433
1263,-0.1371675
1264,-0.1369504
1265,-0.1368393
1266,-0.1366845
1267,-0.1364422
1268,-0.1359535
1269,-0.1366328
1270,-0.1365452
1271,-0.1364544
1272,-0.1363669
1273,-0.1360339
1274,-0.135994
1275,-0.136038
1276,-0.1360837
1277,-0.1358122
1278,-0.1356524
1279,-0.135648
1280,-0.1355913
1281,-0.1352085
1282,-0.1352498
1283,-0.1348914
1284,-0.1354387
1285,-0.1351378
1286,-0.1350525
1287,-0.1347364
1288,-0.1345797
1289,-0.134441
1290,-0.1344292
1291,-0.1342036
1292,-0.133884
1293,-0.1335578
1294,-0.1333582
1295,-0.1332211
1296,-0.1331343
1297,-0.1329396
1298,-0.1327875
1299,-0.1325776
1300,-0.1325651
1301,-0.13248
1302,-0.132468
1303,-0.1320773
1304,-0.1318969
1305,-0.1318181
1306,-0.1316625
1307,-0.13156
1308,-0.1316248
1309,-0.1312767
1310,-0.130943
1311,-0.1301823
1312,-0.1299241
1313,-0.1296809
1314,-0.1295085
1315,-0.1292837
1316,-0.1292182
1317,-0.1288911
1318,-0.1288057
1319,-0.1285698
1320,-0.1283259
1321,-0.1286642
1322,-0.1284412
1323,-0.1286935
1324,-0.1285098
1325,-0.1284036
1326,-0.1281912
1327,-0.1280411
1328,-0.1281068
1329,-0.1274967
1330,-0.1272711
1331,-0.127564
1332,-0.1273664
1333,-0.1272823
1334,-0.127233
1335,-0.1276163
1336,-0.1275072
1337,-0.1272973
1338,-0.1265135
1339,-0.12643
1340,-0.1262976
1341,-0.1257624
1342,-0.1259182
1343,-0.1254218
1344,-0.125212
1345,-0.1251723
1346,-0.1249077
1347,-0.1253728
1348,-0.1258016
1349,-0.1256923
1350,-0.1256093
1351,-0.124983
1352,-0.1246911
1353,-0.1248024
1354,-0.1246602
1355,-0.1245772
1356,-0.1248848
1357,-0.1247617
1358,-0.1246994
1359,-0.1246409
1360,-0.1245571
1361,-0.1245779
1362,-0.1244158
1363,-0.1243081
1364,-0.1238387
1365,-0.1238045
1366,-0.1235608
1367,-0.1234143
1368,-0.1232574
1369,-0.122964
1370,-0.1228829
1371,-0.1228253
1372,-0.1230412
1373,-0.1229163
1374,-0.1226333
1375,-0.1223875
1376,-0.1233841
1377,-0.1233444
1378,-0.123041
1379,-0.1228715
1380,-0.1230963
1381,-0.1230011
1382,-0.1232063
1383,-0.1226282
1384,-0.1224586
1385,-0.1224395
1386,-0.1222995
1387,-0.1221757
1388,-0.1222537
1389,-0.1222008
1390,-0.1216231
1391,-0.1215418
1392,-0.1212892
1393,-0.1211497
1394,-0.1211407
1395,-0.1209004
1396,-0.1208756
1397,-0.1205874
1398,-0.1206108
1399,-0.1202995
1400,-0.1200607
1401,-0.1199299
1402,-0.119771
1403,-0.1192853
1404,-0.1192619
1405,-0.1190502
1406,-0.1188866
1407,-0.1188904
1408,-0.1187024
1409,-0.1186974
1410,-0.1185978
1411,-0.1183698
1412,-0.1183196
1413,-0.1182391
1414,-0.1182213
1415,-0.1180061
1416,-0.1181947
1417,-0.1179941
1418,-0.1177107
1419,-0.1177256
1420,-0.1174839
1421,-0.1173178
1422,-0.1172255
1423,-0.1170596
1424,-0.1170531
1425,-0.1166782
1426,-0.1164859
1427,-0.1163798
1428,-0.1158393
1429,-0.1157589
1430,-0.1155934
1431,-0.1154093
1432,-0.1152549
1433,-0.1151345
1434,-0.1147356
1435,-0.1144297
1436,-0.1143476
1437,-0.1143893
1438,-0.1142692
1439,-0.1140266
1440,-0.113762
1441,-0.1136109
1442,-0.1133949
1443,-0.1132582
1444,-0.113141
1445,-0.1133022
1446,-0.113155
1447,-0.1126853
1448,-0.1125236
1449,-0.1122649
1450,-0.1123021
1451,-0.1115984
1452,-0.1113956
1453,-0.1110422
1454,-0.1109405
1455,-0.1104857
1456,-0.1104864
1457,-0.1101715
1458,-0.1100175
1459,-0.1096463
1460,-0.1092527
1461,-0.1092233
1462,-0.1091303
1463,-0.1093039
1464,-0.1090067
1465,-0.1085371
1466,-0.108404
1467,-0.1081127
1468,-0.1081907
1469,-0.1080296
1470,-0.1075216
1471,-0.1077297
1472,-0.1073247
1473,-0.1073545
1474,-0.1072435
1475,-0.1070522
1476,-0.1062962
1477,-0.1061889
1478,-0.1059936
1479,-0.1060613
1480,-0.1058374
1481,-0.1056193
1482,-0.1055187
1483,-0.1056701
1484,-0.1054459
1485,-0.1051196
1486,-0.1050925
1487,-0.1046379
1488,-0.1046646
1489,-0.1046992
1490,-0.1046311
1491,-0.1045214
1492,-0.1042709
1493,-0.1041674
1494,-0.1040565
1495,-0.1034813
1496,-0.1032908
1497,-0.1030123
1498,-0.102689
1499,-0.1026496
1500,-0.102586
1501,-0.102506
1502,-0.1025167
1503,-0.1024255
1504,-0.1022676
1505,-0.1023478
1506,-0.102112
1507,-0.1019751
1508,-0.1018412
1509,-0.1020608
1510,-0.1021194
1511,-0.1020022
1512,-0.1020761
1513,-0.1017942
1514,-0.1015436
1515,-0.1014452
1516,-0.1013313
1517,-0.1012403
1518,-0.1012613
1519,-0.1009851
1520,-0.1008476
1521,-0.1003399
1522,-0.100152
1523,-0.1002718
1524,-0.1000476
1525,-0.1000597
1526,-0.1000865
1527,-0.1000305
1528,-0.09959658
1529,-0.09946818
1530,-0.09929434
1531,-0.09914303
1532,-0.09885368
1533,-0.09864525
1534,-0.09835579
1535,-0.0980549
1536,-0.09794246
1537,-0.09788951
1538,-0.0977022
1539,-0.09759871
1540,-0.09730766
1541,-0.09716132
1542,-0.09713107
1543,-0.09707037
1544,-0.09698145
1545,-0.0969537
1546,-0.09676171
1547,-0.09639806
1548,-0.09619553
1549,-0.09606848
1550,-0.09604301
1551,-0.09588633
1552,-0.09592785
1553,-0.09582736
1554,-0.0958261
1555,-0.09582816
1556,-0.09549858
1557,-0.09542471
1558,-0.09487664
1559,-0.0947517
1560,-0.09411272
1561,-0.09403913
1562,-0.09408909
1563,-0.09389704
1564,-0.09378612
1565,-0.0935836
1566,-0.09352948
1567,-0.09333912
1568,-0.09321513
1569,-0.09292474
1570,-0.09283677
1571,-0.09270968
1572,-0.0926106
1573,-0.09261346
1574,-0.09243373
1575,-0.09249972
1576,-0.09247585
1577,-0.09238078
1578,-0.09247638
1579,-0.09244936
1580,-0.09223693
1581,-0.09214729
1582,-0.09170181
1583,-0.0916402
1584,-0.09113588
1585,-0.09102601
1586,-0.09086419
1587,-0.0905723
1588,-0.09027976
1589,-0.09008879
1590,-0.08997717
1591,-0.08988786
1592,-0.08978833
1593,-0.08957615
1594,-0.08939414
1595,-0.08918564
1596,-0.08912621
1597,-0.08889724
1598,-0.08884711
1599,-0.08862461
1600,-0.08852684
1601,-0.08852795
1602,-0.0882719
1603,-0.08810848
1604,-0.08773234
1605,-0.08812169
1606,-0.08784351
1607,-0.08768328
1608,-0.08761406
1609,-0.08731043
1610,-0.08697395
1611,-0.08664153
1612,-0.08652198
1613,-0.08654883
1614,-0.08655548
1615,-0.08661095
1616,-0.08631608
1617,-0.08609011
1618,-0.08602022
1619,-0.0858977
1620,-0.0856856
1621,-0.08557114
1622,-0.08542127
1623,-0.0856599
1624,-0.08557608
1625,-0.08561156
1626,-0.0854521
1627,-0.0852844
1628,-0.0850229
1629,-0.08491495
1630,-0.08460565
1631,-0.08449907
1632,-0.08425877
1633,-0.08412617
1634,-0.08409593
1635,-0.08375282
1636,-0.08364584
1637,-0.08352922
1638,-0.08320077
1639,-0.08315994
1640,-0.0827762
1641,-0.08254073
1642,-0.08265028
1643,-0.08275037
1644,-0.08232486
1645,-0.08201662
1646,-0.0819765
1647,-0.08182607
1648,-0.08180276
1649,-0.08132093
1650,-0.08155385
1651,-0.081707
1652,-0.08132544
1653,-0.08121121
1654,-0.0807614
1655,-0.08056001
1656,-0.08043983
1657,-0.08050112
1658,-0.08034877
1659,-0.08023565
1660,-0.07985594
1661,-0.07981367
1662,-0.07959296
1663,-0.07926523
1664,-0.078724
1665,-0.07845531
1666,-0.0783452
1667,-0.07793956
1668,-0.0777647
1669,-0.07749856
1670,-0.07747556
1671,-0.07740622
1672,-0.07735032
1673,-0.07728101
1674,-0.07723255
1675,-0.07695631
1676,-0.07696905
1677,-0.07724261
1678,-0.0770844
1679,-0.07706304
1680,-0.07696506
1681,-0.07663885
1682,-0.07652871
1683,-0.07609162
1684,-0.07602504
1685,-0.07500092
1686,-0.07470917
1687,-0.07439393
1688,-0.07416591
1689,-0.07392273
1690,-0.07385705
1691,-0.0737101
1692,-0.07340229
1693,-0.07315835
1694,-0.07308999
1695,-0.07302719
1696,-0.0728749
1697,-0.07280661
1698,-0.07262236
1699,-0.07241155
1700,-0.07226052
1701,-0.07217962
1702,-0.0719136
1703,-0.07186276
1704,-0.07151599
1705,-0.07147372
1706,-0.07115795
1707,-0.07096691
1708,-0.07077695
1709,-0.07070223
1710,-0.07048697
1711,-0.07019689
1712,-0.06993257
1713,-0.06986834
1714,-0.06982139
1715,-0.06958865
1716,-0.06938203
1717,-0.06907485
1718,-0.06905217
1719,-0.06885401
1720,-0.06885831
1721,-0.06875682
1722,-0.0685681
1723,-0.068442
1724,-0.06826201
1725,-0.06822014
1726,-0.06808894
1727,-0.06776029
1728,-0.06769312
1729,-0.0677729
1730,-0.06759551
1731,-0.06768612
1732,-0.06769477
1733,-0.06754147
1734,-0.0670805
1735,-0.06700751
1736,-0.06684368
1737,-0.06677541
1738,-0.06667449
1739,-0.06654663
1740,-0.06639926
1741,-0.0661643
1742,-0.0660044
1743,-0.06588842
1744,-0.0657915
1745,-0.06557928
1746,-0.0653083
1747,-0.06515054
1748,-0.06504376
1749,-0.0649772
1750,-0.06482991
1751,-0.06466259
1752,-0.06450651
1753,-0.0644239
1754,-0.0644167
1755,-0.06437511
1756,-0.06431003
1757,-0.06419613
1758,-0.06388956
1759,-0.06392147
1760,-0.06361879
1761,-0.06347387
1762,-0.06345926
1763,-0.063154
1764,-0.06291539
1765,-0.06280457
1766,-0.06247287
1767,-0.06267809
1768,-0.06261776
1769,-0.06233795
1770,-0.06226126
1771,-0.06217092
1772,-0.06199178
1773,-0.06180448
1774,-0.06150643
1775,-0.06144063
1776,-0.06120721
1777,-0.0607432
1778,-0.0604702
1779,-0.06029145
1780,-0.05993589
1781,-0.05987037
1782,-0.05970477
1783,-0.05950806
1784,-0.05933257
1785,-0.0592499
1786,-0.05882907
1787,-0.05873946
1788,-0.05840655
1789,-0.05840421
1790,-0.05838723
1791,-0.0582012
1792,-0.05799428
1793,-0.05764837
1794,-0.057587
1795,-0.05750918
1796,-0.05723292
1797,-0.05712814
1798,-0.0566747
1799,-0.05658656
1800,-0.05644443
1801,-0.05624379
1802,-0.05610321
1803,-0.05593024
1804,-0.05581912
1805,-0.0557241
1806,-0.05576108
1807,-0.05562188
1808,-0.05555727
1809,-0.05532575
1810,-0.05504047
1811,-0.05505358
1812,-0.05507832
1813,-0.05499111
1814,-0.0547686
1815,-0.05468149
1816,-0.05450679
1817,-0.05434807
1818,-0.05402818
1819,-0.05379573
1820,-0.05374867
1821,-0.05358335
1822,-0.05336165
1823,-0.05316522
1824,-0.05296119
1825,-0.05263156
1826,-0.0524322
1827,-0.05219257
1828,-0.05196347
1829,-0.05170247
1830,-0.05153165
1831,-0.05145742
1832,-0.0513809
1833,-0.05136363
1834,-0.05114472
1835,-0.05075904
1836,-0.05023297
1837,-0.05013748
1838,-0.04998726
1839,-0.04978084
1840,-0.04971762
1841,-0.04965101
1842,-0.04957847
1843,-0.04950157
1844,-0.04929502
1845,-0.04921017
1846,-0.04915803
1847,-0.04911226
1848,-0.04869359
1849,-0.04867328
1850,-0.04864862
1851,-0.04858421
1852,-0.0484292
1853,-0.04834021
1854,-0.04816788
1855,-0.04820281
1856,-0.04844208
1857,-0.04834946
1858,-0.04815028
1859,-0.0479804
1860,-0.04777131
1861,-0.04758852
1862,-0.04752564
1863,-0.04748131
1864,-0.04753567
1865,-0.04745087
1866,-0.04731149
1867,-0.04712614
1868,-0.04712631
1869,-0.0469332
1870,-0.04682368
1871,-0.04672932
1872,-0.04665983
1873,-0.04665993
1874,-0.04666314
1875,-0.04648979
1876,-0.04632078
1877,-0.04622764
1878,-0.04607435
1879,-0.04593602
1880,-0.0455681
1881,-0.04541502
1882,-0.04535262
1883,-0.04511636
1884,-0.04510727
1885,-0.04499247
1886,-0.04486262
1887,-0.04475633
1888,-0.04473002
1889,-0.04438669
1890,-0.04420356
1891,-0.04406561
1892,-0.04383565
1893,-0.04348241
1894,-0.04337592
1895,-0.0432436
1896,-0.0431136
1897,-0.04270658
1898,-0.04264926
1899,-0.04231274
1900,-0.04202259
1901,-0.04200477
1902,-0.04191323
1903,-0.0417168
1904,-0.04156867
1905,-0.04157247
1906,-0.04146663
1907,-0.04108454
1908,-0.04093501
1909,-0.04053806
1910,-0.04040185
1911,-0.04010908
1912,-0.03999354
1913,-0.0401467
1914,-0.0399056
1915,-0.03980583
1916,-0.03945236
1917,-0.03939508
1918,-0.03927287
1919,-0.0391437
1920,-0.03897844
1921,-0.03887898
1922,-0.03868536
1923,-0.03856646
1924,-0.03839548
1925,-0.03826234
1926,-0.03827879
1927,-0.03799782
1928,-0.03766096
1929,-0.03769417
1930,-0.03754482
1931,-0.03751157
1932,-0.03737935
1933,-0.03731771
1934,-0.03752551
1935,-0.03696388
1936,-0.03667484
1937,-0.03629592
1938,-0.03621434
1939,-0.03624634
1940,-0.03623306
1941,-0.03595766
1942,-0.03620893
1943,-0.0361051
1944,-0.03593475
1945,-0.03553528
1946,-0.03531973
1947,-0.03512019
1948,-0.03502326
1949,-0.03493705
1950,-0.03484127
1951,-0.0347893
1952,-0.03471153
1953,-0.03468584
1954,-0.03462834
1955,-0.03450307
1956,-0.03432703
1957,-0.03431224
1958,-0.03424166
1959,-0.03415144
1960,-0.03413535
1961,-0.03401199
1962,-0.03374752
1963,-0.03365764
1964,-0.03337872
1965,-0.03316253
1966,-0.03308201
1967,-0.03293739
1968,-0.03277333
1969,-0.03246793
1970,-0.03239539
1971,-0.03247057
1972,-0.03241462
1973,-0.03221254
1974,-0.03211643
1975,-0.0320592
1976,-0.03201976
1977,-0.03187411
1978,-0.03170427
1979,-0.03155483
1980,-0.03141203
1981,-0.03116095
1982,-0.03101579
1983,-0.03096199
1984,-0.03076576
1985,-0.03066976
1986,-0.03090703
1987,-0.03060281
1988,-0.0304544
1989,-0.03037426
1990,-0.03014327
1991,-0.02984565
1992,-0.02955186
1993,-0.02952968
1994,-0.02951808
1995,-0.02930135
1996,-0.02907121
1997,-0.02890464
1998,-0.02885811
1999,-0.02888878
2000,-0.0287006
2001,-0.02875797
2002,-0.02830942
2003,-0.02820834
2004,-0.02797703
2005,-0.02796447
2006,-0.02786526
2007,-0.02773932
2008,-0.02811499
2009,-0.02807234
2010,-0.02801359
2011,-0.02774036
2012,-0.02749425
2013,-0.02746193
2014,-0.0269025
2015,-0.02684394
2016,-0.02666583
2017,-0.02683308
2018,-0.02671464
2019,-0.02657092
2020,-0.02600759
2021,-0.02567804
2022,-0.02563252
2023,-0.02565284
2024,-0.02540412
2025,-0.02534547
2026,-0.02516146
2027,-0.02510327
2028,-0.02506455
2029,-0.02495307
2030,-0.02485776
2031,-0.02468419
2032,-0.02443593
2033,-0.02430263
2034,-0.02406093
2035,-0.02394595
2036,-0.02383462
2037,-0.02376215
2038,-0.0236271
2039,-0.02381625
2040,-0.02370491
2041,-0.02358436
2042,-0.02341644
2043,-0.02335862
2044,-0.0232378
2045,-0.02312064
2046,-0.02306565
2047,-0.02325432
2048,-0.02279973
2049,-0.02251503
2050,-0.02211171
2051,-0.02205412
2052,-0.02177859
2053,-0.02178692
2054,-0.02177076
2055,-0.02167196
2056,-0.02158071
2057,-0.02141244
2058,-0.02098001
2059,-0.0210491
2060,-0.0209687
2061,-0.02074955
2062,-0.02054555
2063,-0.02065087
2064,-0.02042582
2065,-0.02024434
2066,-0.02021287
2067,-0.02013338
2068,-0.02004783
2069,-0.01994962
2070,-0.02030396
2071,-0.02010153
2072,-0.02000338
2073,-0.01992731
2074,-0.01978039
2075,-0.01930517
2076,-0.01916519
2077,-0.01911285
2078,-0.0189872
2079,-0.01858026
2080,-0.01837273
2081,-0.01823539
2082,-0.01784458
2083,-0.01778783
2084,-0.01767249
2085,-0.0175595
2086,-0.01747821
2087,-0.01727347
2088,-0.01698808
2089,-0.0168288
2090,-0.01708987
2091,-0.01697982
2092,-0.01685514
2093,-0.01680406
2094,-0.01671951
2095,-0.01664266
2096,-0.01655814
2097,-0.01637899
2098,-0.01613558
2099,-0.01578871
2100,-0.01569181
2101,-0.01561516
2102,-0.01539863
2103,-0.01531703
2104,-0.01517373
2105,-0.01503274
2106,-0.01505157
2107,-0.01495664
2108,-0.01479797
2109,-0.01469461
2110,-0.01461843
2111,-0.0145271
2112,-0.01435713
2113,-0.01436986
2114,-0.01434765
2115,-0.01414691
2116,-0.01396127
2117,-0.01374088
2118,-0.01347799
2119,-0.01354541
2120,-0.01359593
2121,-0.01343242
2122,-0.0133536
2123,-0.01338883
2124,-0.01329278
2125,-0.01324612
2126,-0.01312633
2127,-0.01298997
2128,-0.01284405
2129,-0.01266885
2130,-0.01267545
2131,-0.01266257
2132,-0.0124192
2133,-0.01238386
2134,-0.01237027
2135,-0.01221431
2136,-0.01217323
2137,-0.01209011
2138,-0.01189523
2139,-0.01173955
2140,-0.01168401
2141,-0.01156704
2142,-0.01125328
2143,-0.01115805
2144,-0.01091591
2145,-0.01067714
2146,-0.01072847
2147,-0.01057815
2148,-0.01045553
2149,-0.01036975
2150,-0.010092
2151,-0.0100314
2152,-0.009867692
2153,-0.009652197
2154,-0.009501043
2155,-0.00999269
2156,-0.009918321
2157,-0.009562613
2158,-0.009434169
2159,-0.009340327
2160,-0.009178428
2161,-0.00895238
2162,-0.008645896
2163,-0.00855126
2164,-0.008438278
2165,-0.008222041
2166,-0.007822665
2167,-0.007749117
2168,-0.007549966
2169,-0.007395094
2170,-0.007231983
2171,-0.007165269
2172,-0.007083521
2173,-0.007034581
2174,-0.006951638
2175,-0.006764055
2176,-0.006760332
2177,-0.006740823
2178,-0.006641008
2179,-0.006527025
2180,-0.006433172
2181,-0.006356041
2182,-0.006267368
2183,-0.006098359
2184,-0.006052804
2185,-0.005909458
2186,-0.005889156
2187,-0.005678376
2188,-0.005393075
2189,-0.005182981
2190,-0.005133531
2191,-0.004969778
2192,-0.00485636
2193,-0.004552161
2194,-0.004578543
2195,-0.004285057
2196,-0.004302582
2197,-0.004076224
2198,-0.003863266
2199,-0.003752576
2200,-0.003702291
2201,-0.003592237
2202,-0.003413358
2203,-0.003201986
2204,-0.002968982
2205,-0.002921843
2206,-0.002881017
2207,-0.002757197
2208,-0.002350469
2209,-0.002286043
2210,-0.002359934
2211,-0.002311449
2212,-0.002101167
2213,-0.001714778
2214,-0.001634583
2215,-0.00139697
2216,-0.001244257
2217,-0.001055025
2218,-0.0008910765
2219,-0.0008110722
2220,-0.0006820341
2221,-0.0005888969
2222,-0.0003719406
2223,-0.0003275095
2224,-3.782011E-05
2225,0.0001435695
2226,7.068358E-05
2227,3.998857E-05
2228,9.343449E-05
2229,0.0001853379
2230,0.000313841
2231,0.0005635094
2232,0.0005779421
2233,0.0006313031
2234,0.000980477
2235,0.00113718
2236,0.00142263
2237,0.001434823
2238,0.001660153
2239,0.001726429
2240,0.001916174
2241,0.001995481
2242,0.002093126
2243,0.002139846
2244,0.002239532
2245,0.002340256
2246,0.002317253
2247,0.002383384
2248,0.002494307
2249,0.002746917
2250,0.002646726
2251,0.002745816
2252,0.002792834
2253,0.002867528
2254,0.002958643
2255,0.003053076
2256,0.003106006
2257,0.003312272
2258,0.003333047
2259,0.003385929
2260,0.003670223
2261,0.003759502
2262,0.00404769
2263,0.004170909
2264,0.004213212
2265,0.004317792
2266,0.004470822
2267,0.004555569
2268,0.004757007
2269,0.004825512
2270,0.005692449
2271,0.005695711
2272,0.005727113
2273,0.005847223
2274,0.005940821
2275,0.00586981
2276,0.005821229
2277,0.005888554
2278,0.005934152
2279,0.006076478
2280,0.006226805
2281,0.00631137
2282,0.006250473
2283,0.00636228
2284,0.006464135
2285,0.00673448
2286,0.006763143
2287,0.006844197
2288,0.007019985
2289,0.007072169
2290,0.007144337
2291,0.007278423
2292,0.007210219
2293,0.007259087
2294,0.007360481
2295,0.007508259
2296,0.007732506
2297,0.007937481
2298,0.00798387
2299,0.008035859
2300,0.008258837
2301,0.008310602
2302,0.008494639
2303,0.008714291
2304,0.008775845
2305,0.008792759
2306,0.008844622
2307,0.00902978
2308,0.009103682
2309,0.009206138
2310,0.009401933
2311,0.009544227
2312,0.009606966
2313,0.009658483
2314,0.009834615
2315,0.009958237
2316,0.01008109
2317,0.01025591
2318,0.01042863
2319,0.01047339
2320,0.0104384
2321,0.01056771
2322,0.0105697
2323,0.0105372
2324,0.01058868
2325,0.01061815
2326,0.01068781
2327,0.01077513
2328,0.01087399
2329,0.010945
2330,0.01106688
2331,0.01114345
2332,0.01151221
2333,0.01155502
2334,0.01181164
2335,0.01199858
2336,0.01200922
2337,0.01223578
2338,0.01228516
2339,0.01229045
2340,0.01236219
2341,0.0124081
2342,0.01264184
2343,0.0129108
2344,0.01323791
2345,0.01338231
2346,0.01348784
2347,0.01353266
2348,0.01373352
2349,0.0138014
2350,0.01384687
2351,0.01414512
2352,0.01407607
2353,0.01406029
2354,0.01414786
2355,0.01423073
2356,0.0142816
2357,0.01462957
2358,0.0148486
2359,0.01505181
2360,0.01518725
2361,0.01535528
2362,0.01540733
2363,0.01555694
2364,0.01569017
2365,0.01580689
2366,0.01584767
2367,0.01606389
2368,0.01615099
2369,0.01616517
2370,0.0159871
2371,0.01608707
2372,0.016396
2373,0.01607432
2374,0.01640137
2375,0.01646983
2376,0.01663656
2377,0.01674194
2378,0.0167086
2379,0.01682582
2380,0.01694971
2381,0.01729466
2382,0.01747022
2383,0.01734932
2384,0.01742923
2385,0.01753707
2386,0.01778823
2387,0.01789334
2388,0.0178828
2389,0.01793296
2390,0.01812818
2391,0.01855818
2392,0.01864433
2393,0.01874324
2394,0.01884134
2395,0.01886509
2396,0.0189395
2397,0.01926084
2398,0.01942555
2399,0.01948168
2400,0.01951334
2401,0.01980241
2402,0.01981329
2403,0.01996339
2404,0.02003365
2405,0.02015634
2406,0.02024206
2407,0.02043681
2408,0.02044386
2409,0.02047939
2410,0.02049889
2411,0.0205351
2412,0.02054968
2413,0.02061506
2414,0.02072678
2415,0.02088804
2416,0.0210823
2417,0.02134437
2418,0.02173207
2419,0.02175301
2420,0.02191688
2421,0.02205088
2422,0.02245495
2423,0.02253696
2424,0.02260097
2425,0.02279582
2426,0.02309656
2427,0.0233322
2428,0.02338151
2429,0.02336358
2430,0.02341904
2431,0.02348693
2432,0.02344336
2433,0.02332419
2434,0.02337067
2435,0.02341387
2436,0.02352181
2437,0.02364297
2438,0.02371612
2439,0.02390911
2440,0.02397613
2441,0.02403724
2442,0.02408637
2443,0.02412881
2444,0.02430296
2445,0.02444634
2446,0.02467874
2447,0.02474849
2448,0.02492407
2449,0.0250681
2450,0.02511755
2451,0.02514759
2452,0.02548229
2453,0.02558465
2454,0.02575248
2455,0.02587234
2456,0.02592617
2457,0.02605951
2458,0.02612787
2459,0.02653263
2460,0.02660514
2461,0.02667759
2462,0.02672635
2463,0.02680636
2464,0.02691879
2465,0.02706494
2466,0.02716929
2467,0.02740991
2468,0.02746385
2469,0.02757133
2470,0.02777752
2471,0.02784173
2472,0.02802
2473,0.028127
2474,0.02821057
2475,0.02832291
2476,0.02838889
2477,0.02846624
2478,0.02873836
2479,0.02878681
2480,0.02919042
2481,0.02940331
2482,0.0294106
2483,0.02945895
2484,0.02963842
2485,0.0298444
2486,0.02998631
2487,0.03016682
2488,0.03023406
2489,0.03056823
2490,0.03075835
2491,0.03081036
2492,0.03089704
2493,0.03100917
2494,0.03110398
2495,0.03129449
2496,0.03147497
2497,0.03160795
2498,0.03164085
2499,0.03164122
2500,0.0317264
2501,0.03187916
2502,0.03206305
2503,0.03231074
2504,0.03240494
2505,0.03227286
2506,0.03232076
2507,0.03246238
2508,0.03264995
2509,0.03282105
2510,0.03286886
2511,0.03300431
2512,0.03308258
2513,0.03325348
2514,0.03351597
2515,0.03358151
2516,0.03362922
2517,0.03362807
2518,0.03367659
2519,0.03367089
2520,0.03380531
2521,0.03393523
2522,0.03408924
2523,0.03432696
2524,0.03441626
2525,0.03442786
2526,0.03459294
2527,0.03478894
2528,0.03496383
2529,0.0350113
2530,0.03514113
2531,0.03535065
2532,0.03558842
2533,0.03571052
2534,0.03589808
2535,0.0359381
2536,0.03605428
2537,0.03618864
2538,0.03623594
2539,0.03624326
2540,0.03648435
2541,0.0366359
2542,0.03652468
2543,0.03660004
2544,0.03664726
2545,0.03673973
2546,0.03696683
2547,0.03701401
2548,0.03717564
2549,0.03738543
2550,0.03737518
2551,0.03745965
2552,0.03774316
2553,0.03779377
2554,0.03785502
2555,0.03788109
2556,0.03804952
2557,0.03811925
2558,0.03821458
2559,0.03830698
2560,0.03850989
2561,0.03863657
2562,0.03870049
2563,0.03889722
2564,0.03904093
2565,0.03903158
2566,0.03909623
2567,0.03924506
2568,0.0392678
2569,0.03947628
2570,0.03956258
2571,0.03958989
2572,0.03972261
2573,0.03988236
2574,0.04008422
2575,0.04020065
2576,0.04029712
2577,0.0403822
2578,0.04060236
2579,0.04078488
2580,0.04091169
2581,0.04106481
2582,0.04128815
2583,0.04151862
2584,0.04159276
2585,0.04166336
2586,0.04181738
2587,0.0420332
2588,0.04220882
2589,0.04221749
2590,0.04229188
2591,0.04249052
2592,0.04261526
2593,0.04266158
2594,0.04283689
2595,0.04312157
2596,0.0433028
2597,0.04338243
2598,0.0436337
2599,0.04393754
2600,0.04399865
2601,0.04406431
2602,0.04422812
2603,0.04434097
2604,0.04440925
2605,0.04460076
2606,0.04464681
2607,0.04477903
2608,0.04487422
2609,0.04498679
2610,0.0451215
2611,0.04532497
2612,0.04538391
2613,0.04542986
2614,0.0457061
2615,0.04576809
2616,0.04592543
2617,0.0460715
2618,0.04617223
2619,0.04621807
2620,0.04628786
2621,0.0465402
2622,0.04666943
2623,0.04687622
2624,0.04721537
2625,0.04726727
2626,0.04752912
2627,0.04757724
2628,0.04774094
2629,0.0477623
2630,0.04800001
2631,0.04803847
2632,0.04823559
2633,0.04839352
2634,0.04877072
2635,0.04882482
2636,0.04895321
2637,0.04914982
2638,0.04918824
2639,0.0494993
2640,0.04951571
2641,0.04973201
2642,0.04981025
2643,0.04991064
2644,0.05017091
2645,0.05032086
2646,0.05043254
2647,0.05043672
2648,0.05047645
2649,0.05060491
2650,0.05071655
2651,0.05096013
2652,0.05092284
2653,0.05117546
2654,0.0511319
2655,0.05121955
2656,0.05138554
2657,0.05158675
2658,0.05164265
2659,0.05185246
2660,0.05189752
2661,0.0521093
2662,0.05211881
2663,0.05207924
2664,0.0522393
2665,0.0524116
2666,0.05257153
2667,0.05262094
2668,0.05297055
2669,0.05323038
2670,0.05332054
2671,0.05333794
2672,0.05346529
2673,0.05353758
2674,0.05356315
2675,0.05366316
2676,0.05391629
2677,0.05412667
2678,0.05423057
2679,0.05430767
2680,0.05451568
2681,0.05451198
2682,0.05465549
2683,0.05473091
2684,0.05480441
2685,0.05491403
2686,0.05486734
2687,0.05504227
2688,0.05516813
2689,0.05520783
2690,0.05531861
2691,0.05534444
2692,0.05549228
2693,0.05569984
2694,0.0561563
2695,0.05626432
2696,0.05630874
2697,0.05653195
2698,0.0566718
2699,0.05674253
2700,0.0570049
2701,0.05697212
2702,0.05715186
2703,0.05717769
2704,0.05724321
2705,0.05751768
2706,0.05759392
2707,0.0578399
2708,0.05820333
2709,0.05832803
2710,0.05834525
2711,0.05840545
2712,0.05857662
2713,0.05863197
2714,0.05873284
2715,0.05879745
2716,0.05914322
2717,0.0591703
2718,0.0591424
2719,0.059179
2720,0.05939452
2721,0.05976519
2722,0.05992624
2723,0.06008735
2724,0.06039135
2725,0.06059368
2726,0.06075046
2727,0.06092925
2728,0.06107424
2729,0.06113788
2730,0.06113371
2731,0.06112625
2732,0.06128306
2733,0.06137687
2734,0.06145222
2735,0.06149711
2736,0.06163235
2737,0.06168116
2738,0.0618576
2739,0.06195693
2740,0.06205963
2741,0.06209632
2742,0.06225285
2743,0.06238082
2744,0.06263439
2745,0.06280673
2746,0.06286606
2747,0.06310318
2748,0.06316243
2749,0.06329849
2750,0.06334195
2751,0.06366656
2752,0.06392482
2753,0.06403198
2754,0.06403493
2755,0.06403729
2756,0.06425746
2757,0.06434356
2758,0.0643792
2759,0.06480048
2760,0.06492077
2761,0.06484719
2762,0.06512866
2763,0.06529296
2764,0.06540901
2765,0.0655852
2766,0.06564891
2767,0.06577556
2768,0.06581867
2769,0.06602401
2770,0.06606781
2771,0.06605257
2772,0.06613183
2773,0.06614736
2774,0.06623759
2775,0.06638009
2776,0.06651128
2777,0.06655428
2778,0.0666574
2779,0.06684208
2780,0.06688504
2781,0.06704745
2782,0.06715778
2783,0.06722609
2784,0.06740779
2785,0.06751311
2786,0.06781378
2787,0.06787148
2788,0.06799792
2789,0.06822895
2790,0.06831638
2791,0.06870912
2792,0.06900226
2793,0.06932094
2794,0.06948563
2795,0.06959052
2796,0.06972667
2797,0.06993132
2798,0.06997391
2799,0.06997829
2800,0.06996361
2801,0.0701363
2802,0.07017885
2803,0.07028401
2804,0.07031935
2805,0.07053548
2806,0.07057799
2807,0.07082967
2808,0.07099859
2809,0.07116528
2810,0.07120041
2811,0.0712736
2812,0.07136394
2813,0.07142141
2814,0.07165658
2815,0.07169282
2816,0.07192411
2817,0.07193973
2818,0.07205474
2819,0.07212774
2820,0.07223799
2821,0.07222191
2822,0.07253495
2823,0.0725772
2824,0.0726811
2825,0.07279417
2826,0.07284893
2827,0.07302798
2828,0.07322278
2829,0.07332003
2830,0.07338222
2831,0.07328247
2832,0.07338244
2833,0.0734546
2834,0.07353128
2835,0.0735734
2836,0.07370311
2837,0.07373746
2838,0.07371983
2839,0.07416272
2840,0.07429788
2841,0.07434329
2842,0.0743853
2843,0.07442729
2844,0.07448167
2845,0.07451227
2846,0.07479215
2847,0.07494455
2848,0.07503678
2849,0.07507088
2850,0.07510401
2851,0.07527685
2852,0.07541961
2853,0.07549179
2854,0.07573586
2855,0.07576058
2856,0.07588726
2857,0.07592907
2858,0.07621025
2859,0.07637439
2860,0.07641023
2861,0.07646807
2862,0.07653058
2863,0.07624226
2864,0.07630379
2865,0.07639559
2866,0.07643729
2867,0.07645245
2868,0.07669596
2869,0.07687909
2870,0.07692072
2871,0.07709811
2872,0.07721635
2873,0.07731904
2874,0.07758719
2875,0.07774258
2876,0.07791978
2877,0.07796128
2878,0.07810448
2879,0.07813813
2880,0.07827162
2881,0.07853466
2882,0.07854862
2883,0.07863875
2884,0.0787342
2885,0.07884023
2886,0.0793507
2887,0.07940706
2888,0.07946793
2889,0.07952391
2890,0.07956994
2891,0.07961123
2892,0.07960667
2893,0.07975806
2894,0.079814
2895,0.07986148
2896,0.07996624
2897,0.08006771
2898,0.08023486
2899,0.08022872
2900,0.08022921
2901,0.08022226
2902,0.08026344
2903,0.08038661
2904,0.08045761
2905,0.08049931
2906,0.08059435
2907,0.0806355
2908,0.08113747
2909,0.08124096
2910,0.08134777
2911,0.08144709
2912,0.08151785
2913,0.08156042
2914,0.08171522
2915,0.08173863
2916,0.08180013
2917,0.08190095
2918,0.08204216
2919,0.08210184
2920,0.08224894
2921,0.08230318
2922,0.08250272
2923,0.08253566
2924,0.08256918
2925,0.08266983
2926,0.08288946
2927,0.08292293
2928,0.08302348
2929,0.08314615
2930,0.08324698
2931,0.08344981
2932,0.08361005
2933,0.08377024
2934,0.08381098
2935,0.08390939
2936,0.0841186
2937,0.08417929
2938,0.08423921
2939,0.08438423
2940,0.08445896
2941,0.08449963
2942,0.0849499
2943,0.08507337
2944,0.0851331
2945,0.08531285
2946,0.08558521
2947,0.08579341
2948,0.08602984
2949,0.08607031
2950,0.0861119
2951,0.08615236
2952,0.08616618
2953,0.0863303
2954,0.08642707
2955,0.0868343
2956,0.08692314
2957,0.08695583
2958,0.08699618
2959,0.08718645
2960,0.08722678
2961,0.08737037
2962,0.08766103
2963,0.08777431
2964,0.08789655
2965,0.08797733
2966,0.08806061
2967,0.08810083
2968,0.08813222
2969,0.08843363
2970,0.0884738
2971,0.08865689
2972,0.08872566
2973,0.08884335
2974,0.08888347
2975,0.0889677
2976,0.08915488
2977,0.08928394
2978,0.08928481
2979,0.08949879
2980,0.08961064
2981,0.0896527
2982,0.08973674
2983,0.08983576
2984,0.08992941
2985,0.08992201
2986,0.09018379
2987,0.09021979
2988,0.09042086
2989,0.09057922
2990,0.09098606
2991,0.09112929
2992,0.09128295
2993,0.09134911
2994,0.09141113
2995,0.09145091
2996,0.0916273
2997,0.09166706
2998,0.09170017
2999,0.09180832
3000,0.09187695
3001,0.09190831
3002,0.09203946
3003,0.09218106
3004,0.09228687
3005,0.09231882
3006,0.09249455
3007,0.0926519
3008,0.09294281
3009,0.09317406
3010,0.09322803
3011,0.0932862
3012,0.09333867
3013,0.09339682
3014,0.09345774
3015,0.09336049
3016,0.09340003
3017,0.09362487
3018,0.09379648
3019,0.09399763
3020,0.09401851
3021,0.09407234
3022,0.09414046
3023,0.09422875
3024,0.09446047
3025,0.09457295
3026,0.09473288
3027,0.09477227
3028,0.09487316
3029,0.09487177
3030,0.09504288
3031,0.0951186
3032,0.09513932
3033,0.09517865
3034,0.09523644
3035,0.09548779
3036,0.09560775
3037,0.0958213
3038,0.09591142
3039,0.0960317
3040,0.09633265
3041,0.0964113
3042,0.09646887
3043,0.09660858
3044,0.09670885
3045,0.09674799
3046,0.09687413
3047,0.09753173
3048,0.09757078
3049,0.09763822
3050,0.09783885
3051,0.09796798
3052,0.09800698
3053,0.09807434
3054,0.09827934
3055,0.09855216
3056,0.09858287
3057,0.0986788
3058,0.09867905
3059,0.09881113
3060,0.09889975
3061,0.09907334
3062,0.09914037
3063,0.09916812
3064,0.09920012
3065,0.0992282
3066,0.09947379
3067,0.09949558
3068,0.1000816
3069,0.1001204
3070,0.1001201
3071,0.1002333
3072,0.1003429
3073,0.1003816
3074,0.1005261
3075,0.1008534
3076,0.1010595
3077,0.1010982
3078,0.1011793
3079,0.1012098
3080,0.1013487
3081,0.1014762
3082,0.1017274
3083,0.1017659
3084,0.1017964
3085,0.1019341
3086,0.1020291
3087,0.1020596
3088,0.1021088
3089,0.1022473
3090,0.1023227
3091,0.1024828
3092,0.1025212
3093,0.102629
3094,0.1027111
3095,0.1027415
3096,0.1029716
3097,0.1030645
3098,0.1032888
3099,0.1034567
3100,0.1034678
3101,0.1035716
3102,0.103615
3103,0.1036885
3104,0.103737
3105,0.1038031
3106,0.1038409
3107,0.1038325
3108,0.1038058
3109,0.1037534
3110,0.1037457
3111,0.1037774
3112,0.1038035
3113,0.1038351
3114,0.1038667
3115,0.1039271
3116,0.1039364
3117,0.1040262
3118,0.1040635
3119,0.1041375
3120,0.1041807
3121,0.1043121
3122,0.1043917
3123,0.1044435
3124,0.1045416
3125,0.1045883
3126,0.1050158
3127,0.1050335
3128,0.1050302
3129,0.1050274
3130,0.1050652
3131,0.105169
3132,0.1052066
3133,0.1052088
3134,0.1052756
3135,0.1055693
3136,0.1056123
3137,0.1057059
3138,0.1057493
3139,0.1057873
3140,0.1057972
3141,0.1058628
3142,0.1059057
3143,0.1059614
3144,0.105999
3145,0.1061245
3146,0.1062246
3147,0.1062757
3148,0.1064261
3149,0.106464
3150,0.10652
3151,0.1065855
3152,0.1067763
3153,0.1068054
3154,0.1068352
3155,0.1068767
3156,0.1067988
3157,0.1068366
3158,0.1066565
3159,0.1067076
3160,0.1067112
3161,0.1069198
3162,0.1070337
3163,0.1074192
3164,0.1074378
3165,0.1075283
3166,0.1074596
3167,0.1075553
3168,0.1077881
3169,0.1079022
3170,0.1079506
3171,0.1079992
3172,0.1081003
3173,0.1081931
3174,0.1083428
3175,0.1084828
3176,0.1084626
3177,0.1085287
3178,0.1086013
3179,0.1087822
3180,0.1088723
3181,0.108914
3182,0.1089652
3183,0.1091131
3184,0.1092645
3185,0.1093801
3186,0.1094263
3187,0.10948
3188,0.1096414
3189,0.1098166
3190,0.1099088
3191,0.1099881
3192,0.1101079
3193,0.1101453
3194,0.1103867
3195,0.1104241
3196,0.110747
3197,0.1107843
3198,0.1110139
3199,0.1110038
3200,0.1113613
3201,0.1113873
3202,0.1115239
3203,0.1119061
3204,0.1120664
3205,0.1121855
3206,0.112332
3207,0.1123692
3208,0.1126173
3209,0.1125414
3210,0.1126862
3211,0.1127499
3212,0.1129085
3213,0.1129588
3214,0.1138789
3215,0.1139158
3216,0.1139797
3217,0.1142293
3218,0.114249
3219,0.1143536
3220,0.1144175
3221,0.1145504
3222,0.115007
3223,0.1151894
3224,0.1152521
3225,0.1154034
3226,0.1157676
3227,0.1159718
3228,0.1162557
3229,0.1165201
3230,0.1165567
3231,0.1165009
3232,0.1166216
3233,0.1167949
3234,0.116823
3235,0.1168703
3236,0.117008
3237,0.1170374
3238,0.1171079
3239,0.1171356
3240,0.1172774
3241,0.117368
3242,0.1175908
3243,0.1177787
3244,0.1178152
3245,0.1178127
3246,0.1179235
3247,0.1179417
3248,0.11794
3249,0.1179798
3250,0.1180428
3251,0.1180784
3252,0.1181477
3253,0.1182263
3254,0.1183714
3255,0.1184079
3256,0.1186479
3257,0.1186993
3258,0.119004
3259,0.1190941
3260,0.1191437
3261,0.1192611
3262,0.1193412
3263,0.119386
3264,0.1194841
3265,0.1195469
3266,0.1199174
3267,0.1200019
3268,0.1201616
3269,0.1201978
3270,0.1200992
3271,0.1202455
3272,0.1202938
3273,0.12033
3274,0.1206373
3275,0.1207155
3276,0.1208181
3277,0.1208969
3278,0.1209443
3279,0.1211017
3280,0.121189
3281,0.1212254
3282,0.1212531
3283,0.1213725
3284,0.1214782
3285,0.1214968
3286,0.1215883
3287,0.1216908
3288,0.1217268
3289,0.121789
3290,0.121973
3291,0.1220353
3292,0.1220713
3293,0.1222294
3294,0.1226719
3295,0.1228242
3296,0.1228728
3297,0.1229252
3298,0.1231087
3299,0.1230932
3300,0.1231961
3301,0.1233256
3302,0.1235223
3303,0.1235747
3304,0.1237655
3305,0.1237637
3306,0.1237995
3307,0.1238265
3308,0.1238626
3309,0.1239888
3310,0.124089
3311,0.1242718
3312,0.1244656
3313,0.1245864
3314,0.1246615
3315,0.1247881
3316,0.1248793
3317,0.124915
3318,0.1249784
3319,0.1250664
3320,0.1251507
3321,0.1252072
3322,0.1253929
3323,0.1254201
3324,0.1256295
3325,0.1256565
3326,0.1257444
3327,0.1258127
3328,0.1260608
3329,0.1261891
3330,0.1262939
3331,0.1263314
3332,0.1263667
3333,0.1265216
3334,0.1265387
3335,0.1265984
3336,0.1266759
3337,0.1268972
3338,0.1269585
3339,0.1272038
3340,0.1273502
3341,0.1273381
3342,0.1273522
3343,0.1273461
3344,0.1276495
3345,0.1277712
3346,0.1278065
3347,0.1280079
3348,0.128016
3349,0.1280513
3350,0.1281788
3351,0.1282355
3352,0.1284293
3353,0.1284531
3354,0.1285532
3355,0.1285795
3356,0.1287201
3357,0.1288075
3358,0.1288816
3359,0.1289237
3360,0.1289589
3361,0.1291258
3362,0.1292045
3363,0.1296424
3364,0.1296875
3365,0.1297267
3366,0.1301381
3367,0.1301893
3368,0.1301963
3369,0.1303094
3370,0.130422
3371,0.1304093
3372,0.1304356
3373,0.1305157
3374,0.1306344
3375,0.1307209
3376,0.1308044
3377,0.1308715
3378,0.1312025
3379,0.1313041
3380,0.1313307
3381,0.1313656
3382,0.1315146
3383,0.1317847
3384,0.1319225
3385,0.132102
3386,0.1321369
3387,0.1321537
3388,0.1321794
3389,0.1323519
3390,0.1327795
3391,0.1328053
3392,0.1328401
3393,0.1328944
3394,0.1331346
3395,0.1331773
3396,0.1332766
3397,0.1334414
3398,0.1334664
3399,0.1336585
3400,0.1336931
3401,0.1338124
3402,0.1339033
3403,0.1340425
3404,0.1342615
3405,0.1343168
3406,0.1343514
3407,0.1344119
3408,0.1344782
3409,0.1345209
3410,0.1346198
3411,0.1346457
3412,0.134756
3413,0.1348542
3414,0.134914
3415,0.1349486
3416,0.1350034
3417,0.1350892
3418,0.135124
3419,0.135171
3420,0.1353527
3421,0.1353297
3422,0.1354053
3423,0.1354311
3424,0.1354927
3425,0.1356034
3426,0.1357396
3427,0.1359169
3428,0.1359601
3429,0.1361598
3430,0.1361302
3431,0.1363783
3432,0.1365674
3433,0.1366175
3434,0.1367416
3435,0.1369177
3436,0.1371326
3437,0.1371794
3438,0.1372345
3439,0.1374889
3440,0.1375832
3441,0.1376076
3442,0.1376927
3443,0.1377778
3444,0.1379795
3445,0.1380294
3446,0.138132
3447,0.1382753
3448,0.1383095
3449,0.1385621
3450,0.1387114
3451,0.1387456
3452,0.1390454
3453,0.1392586
3454,0.139377
3455,0.1396001
3456,0.1396843
3457,0.1396484
3458,0.1398713
3459,0.1400906
3460,0.1402137
3461,0.1403774
3462,0.1404746
3463,0.140563
3464,0.1407544
3465,0.1408822
3466,0.1410603
3467,0.1412365
3468,0.1412345
3469,0.1414814
3470,0.1415156
3471,0.1415742
3472,0.141608
3473,0.1416333
3474,0.1417242
3475,0.1417734
3476,0.1419236
3477,0.1419574
3478,0.1420924
3479,0.1424069
3480,0.1425586
3481,0.1426341
3482,0.1426678
3483,0.1429298
3484,0.1430631
3485,0.1431588
3486,0.143317
3487,0.1435022
3488,0.143661
3489,0.143956
3490,0.1441156
3491,0.1441403
3492,0.1442609
3493,0.1442945
3494,0.1443476
3495,0.1444565
3496,0.144517
3497,0.1446406
3498,0.1446742
3499,0.1446983
3500,0.1448196
3501,0.1449662
3502,0.1450876
3503,0.1451363
3504,0.1451766
3505,0.1452851
3506,0.1453453
3507,0.1453863
3508,0.1454815
3509,0.1455646
3510,0.1457226
3511,0.1457283
3512,0.1457921
3513,0.1458738
3514,0.1460554
3515,0.1462132
3516,0.1465307
3517,0.1470601
3518,0.1470934
3519,0.1471461
3520,0.1471945
3521,0.1472277
3522,0.1475239
3523,0.1476307
3524,0.1478512
3525,0.1480156
3526,0.1481838
3527,0.1482292
3528,0.1484219
3529,0.1484322
3530,0.1484656
3531,0.1484986
3532,0.1487648
3533,0.1489327
3534,0.1490897
3535,0.1493503
3536,0.1495073
3537,0.1496643
3538,0.1496973
3539,0.1499226
3540,0.1501905
3541,0.1503823
3542,0.150586
3543,0.1506679
3544,0.15075
3545,0.1509291
3546,0.1510109
3547,0.1510438
3548,0.1512498
3549,0.1513083
3550,0.1513411
3551,0.151364
3552,0.1514581
3553,0.151701
3554,0.1517828
3555,0.1518166
3556,0.1518803
3557,0.1519131
3558,0.1522037
3559,0.1522848
3560,0.1523807
3561,0.1524874
3562,0.1526033
3563,0.15266
3564,0.1527908
3565,0.1529336
3566,0.1530232
3567,0.1530798
3568,0.1531124
3569,0.1532678
3570,0.1532914
3571,0.1533401
3572,0.1533459
3573,0.1535381
3574,0.1535706
3575,0.1535674
3576,0.1537329
3577,0.1537995
3578,0.1539053
3579,0.1539445
3580,0.1540378
3581,0.1540231
3582,0.1541606
3583,0.154215
3584,0.1544312
3585,0.1544777
3586,0.1546307
3587,0.1547808
3588,0.1548279
3589,0.1549411
3590,0.1549918
3591,0.1551216
3592,0.1552621
3593,0.1553785
3594,0.1555082
3595,0.1555406
3596,0.1557213
3597,0.1558508
3598,0.1558736
3599,0.1559149
3600,0.1559472
3601,0.1560277
3602,0.1561799
3603,0.1562123
3604,0.1562921
3605,0.1564012
3606,0.156454
3607,0.1565832
3608,0.1569441
3609,0.1571631
3610,0.1572801
3611,0.1573627
3612,0.1575403
3613,0.1579559
3614,0.1579557
3615,0.1581086
3616,0.1581307
3617,0.158242
3618,0.1583098
3619,0.1584262
3620,0.1585911
3621,0.1586851
3622,0.1587407
3623,0.158832
3624,0.1589119
3625,0.1589439
3626,0.1591145
3627,0.1592652
3628,0.1593564
3629,0.1594072
3630,0.1595893
3631,0.1595898
3632,0.159629
3633,0.1598296
3634,0.1600907
3635,0.1601126
3636,0.1602639
3637,0.1603693
3638,0.1604012
3639,0.1604655
3640,0.1605328
3641,0.1607887
3642,0.1609403
3643,0.161244
3644,0.1612667
3645,0.1612894
3646,0.1613426
3647,0.1614599
3648,0.1614917
3649,0.161633
3650,0.1616555
3651,0.1617346
3652,0.1617782
3653,0.1617988
3654,0.1618046
3655,0.1622069
3656,0.1622699
3657,0.1623061
3658,0.1624691
3659,0.1626833
3660,0.1627735
3661,0.1629468
3662,0.1630605
3663,0.1631486
3664,0.1632512
3665,0.1632736
3666,0.1633168
3667,0.1633764
3668,0.1633874
3669,0.163478
3670,0.1635681
3671,0.1637305
3672,0.1637807
3673,0.1639175
3674,0.1640333
3675,0.1641357
3676,0.1641552
3677,0.164245
3678,0.1642348
3679,0.1642629
3680,0.1643761
3681,0.164504
3682,0.1647198
3683,0.164903
3684,0.165016
3685,0.1650614
3686,0.1650561
3687,0.165276
3688,0.1653214
3689,0.1653996
3690,0.1654896
3691,0.1655484
3692,0.1657691
3693,0.1658005
3694,0.1659498
3695,0.1660629
3696,0.1661133
3697,0.1662642
3698,0.1662855
3699,0.1664841
3700,0.1666737
3701,0.1668226
3702,0.1669003
3703,0.1670149
3704,0.1670364
3705,0.1673052
3706,0.1674116
3707,0.1675788
3708,0.1676908
3709,0.1678955
3710,0.1680202
3711,0.1683925
3712,0.1685853
3713,0.1688472
3714,0.1688894
3715,0.1689802
3716,0.1692928
3717,0.1693238
3718,0.1694057
3719,0.1695218
3720,0.1696695
3721,0.1697005
3722,0.169908
3723,0.169939
3724,0.1700044
3725,0.1699618
3726,0.1701973
3727,0.170343
3728,0.1705406
3729,0.1705988
3730,0.1708049
3731,0.1708263
3732,0.1708252
3733,0.1711407
3734,0.171405
3735,0.1716232
3736,0.1717232
3737,0.1717445
3738,0.1718444
3739,0.1719677
3740,0.1721125
3741,0.1721433
3742,0.1722897
3743,0.1723662
3744,0.1724423
3745,0.1725414
3746,0.1726762
3747,0.1729164
3748,0.1730277
3749,0.1730583
3750,0.1731347
3751,0.1733405
3752,0.173582
3753,0.173771
3754,0.1737742
3755,0.1737954
3756,0.173918
3757,0.1739621
3758,0.1741288
3759,0.1741865
3760,0.1743221
3761,0.174537
3762,0.1746038
3763,0.1746615
3764,0.1748431
3765,0.1748736
3766,0.175108
3767,0.1751724
3768,0.1751659
3769,0.1751963
3770,0.1752953
3771,0.1752887
3772,0.1753191
3773,0.1754873
3774,0.1756871
3775,0.1757085
3776,0.175786
3777,0.175852
3778,0.1759191
3779,0.1760304
3780,0.1761866
3781,0.1762136
3782,0.1763039
3783,0.1764016
3784,0.1764566
3785,0.1766241
3786,0.1765816
3787,0.1767152
3788,0.176736
3789,0.1768
3790,0.1768302
3791,0.1768611
3792,0.1768914
3793,0.1769889
3794,0.1771772
3795,0.1772754
3796,0.1772958
3797,0.1776118
3798,0.1776735
3799,0.1778607
3800,0.1780739
3801,0.1782406
3802,0.1782612
3803,0.1782447
3804,0.1786782
3805,0.1787122
3806,0.1789213
3807,0.1790304
3808,0.1791509
3809,0.179199
3810,0.1793879
3811,0.1794644
3812,0.1795835
3813,0.1797153
3814,0.1797452
3815,0.1798428
3816,0.1800176
3817,0.1800381
3818,0.1800587
3819,0.1802112
3820,0.1803433
3821,0.1804519
3822,0.1807196
3823,0.1809274
3824,0.1809925
3825,0.1812257
3826,0.1812787
3827,0.1813993
3828,0.1814844
3829,0.1815303
3830,0.1815683
3831,0.1818421
3832,0.182027
3833,0.1820472
3834,0.1823991
3835,0.1824482
3836,0.1824911
3837,0.1825723
3838,0.1826804
3839,0.1827381
3840,0.1828233
3841,0.1828748
3842,0.1832139
3843,0.1834002
3844,0.1834213
3845,0.1834808
3846,0.1834744
3847,0.183504
3848,0.1837893
3849,0.1838958
3850,0.1839565
3851,0.1841201
3852,0.184491
3853,0.1846193
3854,0.1846383
3855,0.1847887
3856,0.1848182
3857,0.1849142
3858,0.1849437
3859,0.1851405
3860,0.1853235
3861,0.1854649
3862,0.1854944
3863,0.185579
3864,0.1856522
3865,0.1856816
3866,0.185728
3867,0.1858121
3868,0.1857937
3869,0.1860793
3870,0.1861335
3871,0.1861629
3872,0.186225
3873,0.1863416
3874,0.1866225
3875,0.1868047
3876,0.186965
3877,0.1869839
3878,0.1870132
3879,0.1870974
3880,0.1871525
3881,0.1871724
3882,0.1873621
3883,0.1874685
3884,0.1876304
3885,0.1877356
3886,0.1878418
3887,0.1879495
3888,0.18812
3889,0.1885081
3890,0.1885502
3891,0.1886451
3892,0.1886369
3893,0.1890679
3894,0.1891972
3895,0.1892263
3896,0.1893202
3897,0.1894852
3898,0.1896241
3899,0.1897543
3900,0.1898538
3901,0.1900279
3902,0.1904854
3903,0.1905143
3904,0.1906527
3905,0.1906943
3906,0.1907233
3907,0.1907735
3908,0.1909207
3909,0.1910682
3910,0.1911214
3911,0.1912595
3912,0.1913673
3913,0.1915712
3914,0.1916651
3915,0.191836
3916,0.1918648
3917,0.1920576
3918,0.1921507
3919,0.1922397
3920,0.1923664
3921,0.1925784
3922,0.1928583
3923,0.193232
3924,0.1932242
3925,0.1934462
3926,0.1934918
3927,0.1936289
3928,0.1936585
3929,0.1936875
3930,0.1937822
3931,0.1939206
3932,0.1939841
3933,0.1940665
3934,0.1941162
3935,0.1944331
3936,0.1946788
3937,0.1946709
3938,0.1947858
3939,0.1948049
3940,0.1948334
3941,0.1949809
3942,0.1950094
3943,0.1952111
3944,0.1952396
3945,0.195258
3946,0.1953288
3947,0.1956593
3948,0.1956878
3949,0.1957913
3950,0.195865
3951,0.1960314
3952,0.1961007
3953,0.1961196
3954,0.1962676
3955,0.1964251
3956,0.1967877
3957,0.1968161
3958,0.1969626
3959,0.1969909
3960,0.1972129
3961,0.1975148
3962,0.1976591
3963,0.197816
3964,0.1978443
3965,0.1980227
3966,0.1980826
3967,0.1981118
3968,0.1981717
3969,0.1982859
3970,0.1984244
3971,0.1988751
3972,0.199081
3973,0.199205
3974,0.1993075
3975,0.199528
3976,0.199745
3977,0.1998795
3978,0.2004947
3979,0.2006152
3980,0.2007267
3981,0.2009142
3982,0.2011656
3983,0.2012104
3984,0.2013351
3985,0.2015091
3986,0.2017494
3987,0.201863
3988,0.2019951
3989,0.2023594
3990,0.2024428
3991,0.2024828
3992,0.2025004
3993,0.2026026
3994,0.2027701
3995,0.2030052
3996,0.203033
3997,0.2032086
3998,0.2032265
3999,0.2033891
4000,0.2036272
4001,0.2036978
4002,0.2037883
4003,0.2038589
4004,0.2039306
4005,0.2040203
4006,0.2041213
4007,0.2042109
4008,0.2044281
4009,0.2044558
4010,0.2048353
4011,0.2048729
4012,0.2049228
4013,0.2050298
4014,0.2051415
4015,0.2051691
4016,0.2053412
4017,0.2053362
4018,0.2053637
4019,0.2054942
4020,0.2055541
4021,0.2055817
4022,0.2056295
4023,0.2058622
4024,0.2060132
4025,0.2061345
4026,0.2062034
4027,0.2062924
4028,0.2064139
4029,0.2064723
4030,0.2065407
4031,0.2067459
4032,0.2067733
4033,0.2068659
4034,0.2069461
4035,0.2069736
4036,0.207147
4037,0.2071744
4038,0.2074111
4039,0.2076639
4040,0.2077115
4041,0.2078444
4042,0.2080489
4043,0.2080762
4044,0.2080933
4045,0.2082243
4046,0.2082517
4047,0.2083553
4048,0.2083979
4049,0.2084409
4050,0.2084336
4051,0.2087085
4052,0.2087975
4053,0.2088484
4054,0.2089162
4055,0.2089336
4056,0.2091137
4057,0.2092454
4058,0.2092726
4059,0.2094136
4060,0.2094408
4061,0.2095089
4062,0.2095665
4063,0.2098424
4064,0.2098696
4065,0.2101142
4066,0.2101818
4067,0.2102096
4068,0.2103992
4069,0.210609
4070,0.2110094
4071,0.2112796
4072,0.2113673
4073,0.211652
4074,0.2117723
4075,0.2119611
4076,0.212079
4077,0.212217
4078,0.2122333
4079,0.2123828
4080,0.2125914
4081,0.2126686
4082,0.2127357
4083,0.2130192
4084,0.213429
4085,0.2134559
4086,0.2135951
4087,0.2136336
4088,0.2137932
4089,0.2138201
4090,0.2138623
4091,0.2140297
4092,0.2140565
4093,0.2141339
4094,0.2141608
4095,0.2142074
4096,0.214224
4097,0.2142623
4098,0.2142925
4099,0.2143697
4100,0.2144368
4101,0.2144636
4102,0.2145614
4103,0.2145882
4104,0.2147176
4105,0.2148143
4106,0.2148413
4107,0.2150729
4108,0.2152532
4109,0.2154121
4110,0.2154388
4111,0.2154339
4112,0.2155235
4113,0.2155999
4114,0.2157381
4115,0.2159812
4116,0.2160292
4117,0.2162354
4118,0.2162625
4119,0.2166549
4120,0.2167317
4121,0.2167978
4122,0.2168107
4123,0.2168975
4124,0.2169437
4125,0.2171322
4126,0.2171587
4127,0.2172581
4128,0.2177618
4129,0.2179471
4130,0.218226
4131,0.2184137
4132,0.218658
4133,0.2187856
4134,0.2188129
4135,0.2188393
4136,0.2190477
4137,0.2193461
4138,0.2194678
4139,0.2196053
4140,0.2196319
4141,0.219728
4142,0.2198443
4143,0.2199313
4144,0.2201646
4145,0.2203813
4146,0.2204664
4147,0.2206327
4148,0.2207789
4149,0.2208051
4150,0.2209
4151,0.2209216
4152,0.2213561
4153,0.2214618
4154,0.2214879
4155,0.2216837
4156,0.2218903
4157,0.2221167
4158,0.2221818
4159,0.2222079
4160,0.222223
4161,0.2224201
4162,0.2224462
4163,0.2226324
4164,0.2229097
4165,0.223219
4166,0.2232601
4167,0.223403
4168,0.2234329
4169,0.2236343
4170,0.2237591
4171,0.2241326
4172,0.2241485
4173,0.2241744
4174,0.2243188
4175,0.2246073
4176,0.2248021
4177,0.224828
4178,0.2248545
4179,0.2249098
4180,0.2253353
4181,0.2254991
4182,0.2256993
4183,0.2258411
4184,0.2259177
4185,0.2259435
4186,0.2260872
4187,0.2261132
4188,0.2264248
4189,0.2264505
4190,0.2266532
4191,0.2267374
4192,0.2269285
4193,0.2269441
4194,0.2270661
4195,0.2272074
4196,0.2272915
4197,0.2275098
4198,0.2275263
4199,0.2275243
4200,0.2276268
4201,0.2277697
4202,0.2277954
4203,0.2279481
4204,0.2279846
4205,0.2282452
4206,0.2283667
4207,0.2287094
4208,0.2289138
4209,0.2290072
4210,0.2291405
4211,0.2292234
4212,0.229402
4213,0.2295548
4214,0.229695
4215,0.2297095
4216,0.2297349
4217,0.2299551
4218,0.2301653
4219,0.2301915
4220,0.2302169
4221,0.2303107
4222,0.2304505
4223,0.2305712
4224,0.2308979
4225,0.2309427
4226,0.2309681
4227,0.2313529
4228,0.2315065
4229,0.2315217
4230,0.2317116
4231,0.2317476
4232,0.2317731
4233,0.2319028
4234,0.232099
4235,0.2321203
4236,0.2321833
4237,0.2322661
4238,0.232305
4239,0.2323974
4240,0.2324333
4241,0.2327678
4242,0.2328781
4243,0.2329993
4244,0.2331979
4245,0.2334218
4246,0.233447
4247,0.2335314
4248,0.2336622
4249,0.2339761
4250,0.2340012
4251,0.2341893
4252,0.234233
4253,0.2343521
4254,0.2344453
4255,0.2347998
4256,0.2348622
4257,0.235069
4258,0.2352852
4259,0.2358558
4260,0.2358903
4261,0.2359721
4262,0.2361494
4263,0.2362119
4264,0.2361676
4265,0.2364264
4266,0.2366226
4267,0.236658
4268,0.236846
4269,0.2368709
4270,0.2369142
4271,0.236939
4272,0.2375352
4273,0.2375601
4274,0.2378603
4275,0.2380152
4276,0.2382541
4277,0.238353
4278,0.2385006
4279,0.2385254
4280,0.2386823
4281,0.2387072
4282,0.2388078
4283,0.2388335
4284,0.2390066
4285,0.2394569
4286,0.2394833
4287,0.2398668
4288,0.240127
4289,0.2402717
4290,0.2409371
4291,0.2413661
4292,0.2413906
4293,0.2416779
4294,0.2417665
4295,0.2418842
4296,0.2423119
4297,0.2423364
4298,0.2424708
4299,0.2425883
4300,0.2427044
4301,0.2429112
4302,0.2430087
4303,0.2433519
4304,0.2433763
4305,0.2434006
4306,0.2435273
4307,0.2447083
4308,0.2447328
4309,0.2449799
4310,0.2451431
4311,0.2455596
4312,0.2456945
4313,0.2457551
4314,0.2457931
4315,0.2458715
4316,0.2459135
4317,0.2459267
4318,0.2461403
4319,0.246154
4320,0.2461782
4321,0.2462031
4322,0.2464629
4323,0.2464873
4324,0.2466125
4325,0.2471076
4326,0.2473124
4327,0.2473471
4328,0.2474251
4329,0.2475223
4330,0.2477025
4331,0.2477996
4332,0.2478133
4333,0.2479361
4334,0.24796
4335,0.247984
4336,0.2483668
4337,0.249255
4338,0.2492789
4339,0.2495408
4340,0.2495646
4341,0.249652
4342,0.2500436
4343,0.2502829
4344,0.250396
4345,0.2507301
4346,0.2510731
4347,0.2510977
4348,0.2512909
4349,0.2514484
4350,0.2516851
4351,0.2519227
4352,0.2519561
4353,0.2522522
4354,0.2524536
4355,0.2529664
4356,0.2529899
4357,0.2532125
4358,0.2533895
4359,0.2534673
4360,0.2536446
4361,0.2536681
4362,0.2538721
4363,0.2538956
4364,0.2539727
4365,0.2539963
4366,0.2540914
4367,0.2544578
4368,0.2546579
4369,0.2546705
4370,0.2549149
4371,0.2550369
4372,0.2550603
4373,0.2551822
4374,0.2551886
4375,0.2552735
4376,0.2553236
4377,0.2553914
4378,0.2554148
4379,0.2555545
4380,0.2557842
4381,0.2559481
4382,0.2559888
4383,0.2560647
4384,0.2560773
4385,0.2562059
4386,0.2564082
4387,0.2564412
4388,0.2565356
4389,0.2567406
4390,0.2570629
4391,0.2570754
4392,0.2573
4393,0.2573118
4394,0.2576509
4395,0.2576913
4396,0.2582053
4397,0.2583942
4398,0.2584701
4399,0.2585193
4400,0.2591526
4401,0.2592539
4402,0.2593474
4403,0.2593705
4404,0.2595975
4405,0.260082
4406,0.260105
4407,0.2601895
4408,0.2603338
4409,0.2607034
4410,0.2609031
4411,0.2609355
4412,0.2610447
4413,0.261102
4414,0.2613277
4415,0.2613401
4416,0.2615616
4417,0.261757
4418,0.2618586
4419,0.2621631
4420,0.2621859
4421,0.2622775
4422,0.2623086
4423,0.2622973
4424,0.2623899
4425,0.2624561
4426,0.262883
4427,0.2629758
4428,0.2632374
4429,0.2633385
4430,0.2633612
4431,0.263436
4432,0.2635959
4433,0.2636444
4434,0.2637542
4435,0.2637776
4436,0.2639223
4437,0.2642422
4438,0.2643606
4439,0.2649598
4440,0.2649824
4441,0.2651441
4442,0.2651667
4443,0.2652675
4444,0.2654093
4445,0.2655853
4446,0.2657031
4447,0.2657257
4448,0.265974
4449,0.2668135
4450,0.2668359
4451,0.2670922
4452,0.2671146
4453,0.2675353
4454,0.2677948
4455,0.2679863
4456,0.2683282
4457,0.2684623
4458,0.2685723
4459,0.2690168
4460,0.2697282
4461,0.2698429
4462,0.2698434
4463,0.2699832
4464,0.2703484
4465,0.27054
4466,0.2709228
4467,0.271347
4468,0.2715054
4469,0.2719714
4470,0.2722022
4471,0.2722243
4472,0.2723993
4473,0.2727425
4474,0.2727645
4475,0.2732967
4476,0.2735347
4477,0.273648
4478,0.2737029
4479,0.27386
4480,0.2739481
4481,0.2743018
4482,0.2743237
4483,0.2747432
4484,0.2747651
4485,0.2753446
4486,0.2753557
4487,0.2753775
4488,0.2754663
4489,0.2755299
4490,0.275552
4491,0.2756069
4492,0.2761725
4493,0.276433
4494,0.2767179
4495,0.2767849
4496,0.2768066
4497,0.2770882
4498,0.2771424
4499,0.2774515
4500,0.2775386
4501,0.2775602
4502,0.277638
4503,0.2780277
4504,0.2780493
4505,0.2781205
4506,0.278191
4507,0.2783543
4508,0.2784209
4509,0.2792684
4510,0.2793977
4511,0.2794598
4512,0.279587
4513,0.2802571
4514,0.2804856
4515,0.2805476
4516,0.280723
4517,0.2807499
4518,0.2807603
4519,0.2814464
4520,0.2815003
4521,0.2816347
4522,0.281664
4523,0.2817742
4524,0.2818321
4525,0.2821524
4526,0.2823995
4527,0.2827005
4528,0.2830177
4529,0.283039
4530,0.2831583
4531,0.2836298
4532,0.2841568
4533,0.2842593
4534,0.2842804
4535,0.2843016
4536,0.2844533
4537,0.28541
4538,0.2854394
4539,0.285566
4540,0.2857305
4541,0.2857515
4542,0.2859351
4543,0.2859561
4544,0.2860743
4545,0.286168
4546,0.2863482
4547,0.2864963
4548,0.2865173
4549,0.2866922
4550,0.2867776
4551,0.2869097
4552,0.2869306
4553,0.2871784
4554,0.2872311
4555,0.2872413
4556,0.2873589
4557,0.2873798
4558,0.2874975
4559,0.2876848
4560,0.2877057
4561,0.2878394
4562,0.2885634
4563,0.2885925
4564,0.2886773
4565,0.288953
4566,0.2896346
4567,0.2900091
4568,0.2905553
4569,0.2910075
4570,0.291228
4571,0.2913424
4572,0.2918325
4573,0.2920444
4574,0.2924158
4575,0.2926078
4576,0.2926283
4577,0.2928513
4578,0.2929508
4579,0.2929614
4580,0.2930439
4581,0.2930646
4582,0.2932278
4583,0.2932375
4584,0.2934006
4585,0.2935919
4586,0.2939851
4587,0.2940055
4588,0.294073
4589,0.294344
4590,0.2947602
4591,0.2951518
4592,0.2952107
4593,0.295231
4594,0.2953438
4595,0.2957823
4596,0.2957915
4597,0.2960952
4598,0.2961386
4599,0.2962897
4600,0.2964638
4601,0.2971443
4602,0.2971724
4603,0.2975353
4604,0.2977546
4605,0.2977747
4606,0.2978413
4607,0.2978614
4608,0.2979436
4609,0.2988664
4610,0.2990009
4611,0.2991062
4612,0.2996557
4613,0.2998582
4614,0.3001266
4615,0.3005643
4616,0.3010804
4617,0.3011003
4618,0.3012204
4619,0.3017774
4620,0.3019358
4621,0.3021064
4622,0.3021637
4623,0.3022525
4624,0.3024833
4625,0.3028573
4626,0.302877
4627,0.3028859
4628,0.3029057
4629,0.3030005
4630,0.3034199
4631,0.3034396
4632,0.3034967
4633,0.3036517
4634,0.3036714
4635,0.3036799
4636,0.3038065
4637,0.3039023
4638,0.304167
4639,0.3043364
4640,0.3044384
4641,0.3044512
4642,0.3046806
4643,0.3047002
4644,0.3049335
4645,0.3049984
4646,0.3050626
4647,0.3052016
4648,0.3054345
4649,0.3054841
4650,0.3059211
4651,0.3058959
4652,0.3058997
4653,0.3061931
4654,0.3062126
4655,0.3064067
4656,0.3069884
4657,0.3070078
4658,0.3070634
4659,0.3073793
4660,0.3075171
4661,0.3076696
4662,0.3078264
4663,0.3078755
4664,0.3078949
4665,0.3079251
4666,0.3081483
4667,0.3081676
4668,0.3085644
4669,0.3086133
4670,0.3086774
4671,0.3088219
4672,0.3088421
4673,0.3088614
4674,0.3090008
4675,0.3090202
4676,0.309137
4677,0.3093402
4678,0.3094944
4679,0.3095244
4680,0.3095437
4681,0.3100967
4682,0.3102847
4683,0.3103333
4684,0.3103526
4685,0.3104899
4686,0.3109925
4687,0.3111309
4688,0.3111439
4689,0.311417
4690,0.3120421
4691,0.3120494
4692,0.312112
4693,0.3122569
4694,0.312276
4695,0.3122951
4696,0.3125149
4697,0.3125774
4698,0.3125855
4699,0.3128881
4700,0.3129505
4701,0.3130879
4702,0.3132011
4703,0.3135974
4704,0.3136452
4705,0.313751
4706,0.3139178
4707,0.3143854
4708,0.3143929
4709,0.3144549
4710,0.3145458
4711,0.3147638
4712,0.3147827
4713,0.3149489
4714,0.3149678
4715,0.3151781
4716,0.315197
4717,0.3153333
4718,0.3154365
4719,0.3158014
4720,0.3158273
4721,0.3159781
4722,0.3161548
4723,0.3163054
4724,0.3165538
4725,0.3166161
4726,0.3168285
4727,0.316976
4728,0.3170662
4729,0.3172896
4730,0.3175014
4731,0.3176879
4732,0.3177938
4733,0.3178125
4734,0.3178598
4735,0.3179212
4736,0.3181039
4737,0.3184288
4738,0.3184475
4739,0.3187192
4740,0.3187554
4741,0.3188026
4742,0.3188213
4743,0.3189559
4744,0.3190384
4745,0.3192604
4746,0.3194493
4747,0.3195813
4748,0.3196429
4749,0.3196614
4750,0.3198538
4751,0.3198723
4752,0.3199338
4753,0.3203137
4754,0.320426
4755,0.3206141
4756,0.3208348
4757,0.3210915
4758,0.3211521
4759,0.321407
4760,0.3216368
4761,0.32177
4762,0.32186
4763,0.3218784
4764,0.322314
4765,0.3228242
4766,0.3229263
4767,0.3231308
4768,0.3232203
4769,0.3235528
4770,0.3238572
4771,0.3238755
4772,0.3239844
4773,0.3240664
4774,0.3241414
4775,0.3241596
4776,0.3244205
4777,0.3244387
4778,0.3244986
4779,0.3247143
4780,0.3250461
4781,0.3250607
4782,0.3251711
4783,0.3252795
4784,0.3253461
4785,0.3256485
4786,0.3260076
4787,0.3260258
4788,0.3261001
4789,0.3261251
4790,0.3262989
4791,0.3266146
4792,0.3266326
4793,0.3267087
4794,0.3267268
4795,0.3268931
4796,0.3269594
4797,0.3270048
4798,0.3270229
4799,0.3271112
4800,0.3271184
4801,0.3271364
4802,0.3271752
4803,0.3272209
4804,0.3273728
4805,0.3273908
4806,0.3275467
4807,0.3275782
4808,0.3277892
4809,0.3278914
4810,0.3280099
4811,0.3281473
4812,0.3282212
4813,0.3282802
4814,0.3285015
4815,0.3285963
4816,0.3286035
4817,0.3285885
4818,0.3290599
4819,0.3290879
4820,0.3291058
4821,0.3291999
4822,0.3297158
4823,0.329795
4824,0.3298193
4825,0.3298643
4826,0.3299797
4827,0.3300249
4828,0.3300427
4829,0.330088
4830,0.3301058
4831,0.3302912
4832,0.3303157
4833,0.3304966
4834,0.3305415
4835,0.3306069
4836,0.3306767
4837,0.331158
4838,0.3311757
4839,0.3311934
4840,0.3313248
4841,0.3313425
4842,0.331541
4843,0.3315687
4844,0.3315931
4845,0.3316109
4846,0.3317603
4847,0.331778
4848,0.3320736
4849,0.3320913
4850,0.3321766
4851,0.3321832
4852,0.3323975
4853,0.3324556
4854,0.3326185
4855,0.3326361
4856,0.3327226
4857,0.3332004
4858,0.3333665
4859,0.3334181
4860,0.3334895
4861,0.3335703
4862,0.3336821
4863,0.3339688
4864,0.3340824
4865,0.3341408
4866,0.3341649
4867,0.3342625
4868,0.3344145
4869,0.3345594
4870,0.3346642
4871,0.3347638
4872,0.3347813
4873,0.3348257
4874,0.3349505
4875,0.334968
4876,0.3350331
4877,0.3355202
4878,0.3355852
4879,0.3357602
4880,0.3357977
4881,0.3357829
4882,0.336033
4883,0.3360504
4884,0.3362248
4885,0.3362422
4886,0.33632
4887,0.3363192
4888,0.3363366
4889,0.3364081
4890,0.3365188
4891,0.3367544
4892,0.3369761
4893,0.3374342
4894,0.3376309
4895,0.337649
4896,0.3377672
4897,0.3379037
4898,0.337921
4899,0.3380262
4900,0.3380435
4901,0.3381615
4902,0.3382582
4903,0.338315
4904,0.3384248
4905,0.3384421
4906,0.3386965
4907,0.3387731
4908,0.3388169
4909,0.3388341
4910,0.3389457
4911,0.3392538
4912,0.3392974
4913,0.3394359
4914,0.3394531
4915,0.3395757
4916,0.339687
4917,0.3397042
4918,0.3398135
4919,0.3398503
4920,0.3401742
4921,0.3401804
4922,0.3401976
4923,0.3403399
4924,0.3405317
4925,0.3406407
4926,0.3407111
4927,0.3409908
4928,0.3411388
4929,0.3411558
4930,0.3412933
4931,0.3414082
4932,0.3416412
4933,0.3417114
4934,0.3417412
4935,0.3418172
4936,0.3418342
4937,0.3419714
4938,0.3420415
4939,0.3420591
4940,0.3421091
4941,0.3424129
4942,0.3424299
4943,0.3424687
4944,0.3425508
4945,0.3426742
4946,0.3428109
4947,0.3428346
4948,0.3428515
4949,0.3429213
4950,0.343329
4951,0.343645
4952,0.3438279
4953,0.3438209
4954,0.3441966
4955,0.3444144
4956,0.3444633
4957,0.3444802
4958,0.3447156
4959,0.3449847
4960,0.3452794
4961,0.3453346
4962,0.3453514
4963,0.3453941
4964,0.3454109
4965,0.3458542
4966,0.346029
4967,0.3462453
4968,0.3462628
4969,0.3463308
4970,0.3464789
4971,0.3464963
4972,0.346513
4973,0.3465687
4974,0.3465854
4975,0.346641
4976,0.3467089
4977,0.3470977
4978,0.3471149
4979,0.3472533
4980,0.3472699
4981,0.3473452
4982,0.3476433
4983,0.347725
4984,0.347833
4985,0.3479646
4986,0.3480126
4987,0.348068
4988,0.3481453
4989,0.3481873
4990,0.3483736
4991,0.3483902
4992,0.3484913
4993,0.3485079
4994,0.3487718
4995,0.3488455
4996,0.3489791
4997,0.3490202
4998,0.3494802
4999,0.3494967
